번호,구분,계약명,계약금액,계약일,계약상대자
1,공사,"바이오,해양클러스터관 건립 관급자재 구매(데크플레이트) 계약의뢰",120012920,2021-12-03,주식회사 디앤에프
2,자산,[예술체육대학 디자인학부]교육 연구용 기자재(imac) 구매,63002500,2021-11-22,주식회사 빛나는교육
3,용역,대학발전계획 수립 컨설팅 용역 의뢰,291059000,2021-11-19,이와이컨설팅 유한책임회사
4,공사,산학 창업 COMPLEX(바이오 해양 클러스터관) 건립 전기공사 계약(2021년 연부액)의뢰,16742900,2021-11-16,주식회사 우일
5,공사,"바이오,해양클러스터관 건립공사(건축분야) 계약의뢰",502860000,2021-11-15,고속건설(주)
6,용역,미추홀캠퍼스 미래관 내진성능평가 용역 계약의뢰,31926203,2021-11-15,주식회사 민엔지니어링
7,자산,메카트로닉스공학과 교육용 기자재 구입3,25733000,2021-11-10,테스트랜드
8,용역,신편입학전형 방역소독 용역 의뢰,42359920,2021-10-12,주식회사비엠지
9,용역,인천대학교 R&D COMPLEX 복합연구센터 건립사업 설계 용역 계약의뢰,534755000,2021-10-12,(주)누아건축사사무소
10,용역,2021년 소방작동기능점검 용역 계약의뢰,27266900,2021-10-12,(주)한국소방엔지니어링
11,용역,인천대학교 미래교육센터 시스템 구축 계약 의뢰(긴급 발주),282200000,2021-10-01,(주)이담에스티
12,자산,정보통신공학과 2021 신임교원 연구환경 조성사업에 따른 교육용기자재(딥러닝 및 계산용 서버) 구입요청,47840000,2021-09-10,(주)코코링크
13,자산,전자공학과 교육용기자재(워크스테이션) 구입 요청,19940000,2021-08-30,주식회사 코아디지털
14,자산,(화학과) 2021년도 교육용 기자재 구입(GPC/SEC System),29326000,2021-08-23,(주)에이치아이코퍼레이션
15,자산,[통합][기계공학과] 신임교원 3차원 위치 추적 시스템 기자재 구입요청(해상도 변경),49280000,2021-08-13,(주)두리시스템테크놀로지
16,자산,[메카트로닉스공학과] 2021년 신임교원 연구환경 조성사업 기자재 구입요청 1-2,73411800,2021-08-13,주식회사 디엘정보
17,자산,[예술체육대학 조형예술학부] 신임교원 교육용기자재(BLK360MissonKit 및 라이카 싸이클론레지스터 소프트웨어) 구입요청 1-2,50350000,2021-08-13,주식회사 블루아이즈
18,자산,[통합] 생명과학전공 2021년 신임교원 세포모음장치 기자재 구입요청,40500000,2021-08-05,(주)진스텍
19,공사,2021년 스타트업 칼리지 건축공사 계약 의뢰,48347470,2021-08-05,주식회사 광진코퍼레이션
20,구매/기타,2021년도 소그룹학습 프로그램 모바일 기프티콘 구입 계약의뢰,165515200,2021-08-03,주식회사 이포르테
21,공사,2021년 소방종합정밀점검에 따른 소방시설보수공사,28602750,2021-07-13,주식회사 세종전력
22,용역,2022학년도 신ㆍ편입학 인터넷 원서접수 및 전형료 수납대행사 선정을 위한 입찰 요청,82700000,2021-06-21,주식회사 진학어플라이
23,용역,2021년 인천대학교 소식지 제작 계약 의뢰,48700000,2021-06-04,(주) 케이에스센세이션
24,용역,건축물 정밀안전진단 및 내진성능평가 용역 계약 의뢰,316626000,2021-06-01,(재)한국건설품질연구원
25,용역,"업무용 차량 (G80)렌트 계약(장기계속1차, 카달로그계약품목)",8456000,2021-05-28,롯데렌탈(주)
26,용역,2021년 소방종합정밀점검 용역 계약의뢰,32424000,2021-05-18,에스디 유한책임회사
27,구매/기타,2021년도 행정용 소프트웨어 연간 임대 계약 의뢰,92488110,2021-05-18,(주)비츠코리아
28,용역,2021년 인천대학교 SNS 홍보대행 용역 계약 의뢰,59290000,2021-04-27,주식회사 해온커뮤니티
29,용역,지역혁신 트라이버시티 연구소 온라인 콘텐츠 제작 용역 계약의뢰,98000000,2021-04-27,주식회사 감동공장
30,자산,[소비자학과] 2021년도 교육용 소프트웨어 구입(MAXQDA 외),24017000,2021-04-26,주식회사 루트웰
31,구매/기타,2021년 국내자료 구매 연간단가계약,250000000,2021-04-26,(주)교보문고
32,구매/기타,2021년 국외자료 구매 연간단가계약,150000000,2021-04-21,에이치지테크
33,용역,학산도서관 정보자원 통합 유지보수 계약 의뢰,96921000,2021-03-30,주식회사 에이블아이앤씨
34,용역,스포츠센터 셔틀버스 운용 용역계약 (2021.4.1.~2022.2.28.),45681450,2021-03-18,(주)우주투어
35,용역,2021학년도 사업장 생활폐기물 위탁처리 단가계약,70928000,2021-03-17,(주)삼원종합개발
36,용역,2021년도 교환기 및 부대장비 유지관리 용역,44998010,2021-03-15,원창이앤씨(주)
37,용역,2021년도 학생언론기구 간행물 발간 계약 의뢰,51733480,2021-03-10,주식회사 글소리
38,공사,"글로벌아시아, 창업, IT,도서관 건립 공사 관급자재 구매(데크플레이트 : uni deck) 계약의뢰",185000000,2021-03-09,주식회사 디앤에프
39,용역,2021년 학교경영자배상책임보험 가입 계약 의뢰,39297300,2021-03-08,디비손해보험 주식회사
40,용역,복합기 임차 및 유지관리 계약의뢰(장기계속 2차),68483770,2021-03-03,(주)미래엔시스
41,용역,정보자원 통합 유지보수 계약 의뢰(장기계속 2차),927135000,2021-02-26,오상자이엘 주식회사
42,용역,2021년 통합무인경비시스템 용역계약 체결 요청(장기계속 2차),693231450,2021-02-26,주식회사 에스원
43,구매/기타,2021년도 대학구성원 생일기념일 상품권 구입의뢰,31613600,2021-02-24,주식회사 쿠링
44,용역,2021년 통합정보시스템 유지보수 계약 의뢰,343530000,2021-02-23,(주)앳시스
45,용역,2021년(2차계약) 인천대학교 냉·온 정수기 임차 및 유지관리 용역(장기계속 2차),64930850,2021-02-23,삼성정보기술 주식회사
46,용역,인천대학교 홈페이지 유지보수 계약 의뢰 (장기계속 2차),139920260,2021-02-23,조앤소프트 주식회사
47,공사,"글로벌아시아, 창업, IT,도서관 건립 공사 관급자재 구매(빗물처리시설) 계약의뢰",33785770,2021-02-22,(주)두합크린텍
48,자산,스포츠센터 헬스기구 구매,36594220,2021-02-19,두남산업
49,구매/기타,2021 글로벌 희망완성 프로젝트 행사에 따른 물품구입 계약의뢰,23324550,2021-02-08,다이아나
50,용역,백업시스템 및 가상화시스템 구축 계약의뢰,344270000,2021-01-28,오상자이엘 주식회사
51,자산,[비대면 긴급지원] 실시간 화상강의 및 콘텐츠 제작 장비 구입을 위한 계약의뢰,57815270,2021-01-28,다이아나
52,구매/기타,[비대면긴급지원] 2021년 신입생 방역키트 구입,46248600,2021-01-27,오즈
53,공사,2020년 스타트업 칼리지 건축공사 계약 의뢰,144218700,2021-01-22,(주)위드하우징
54,공사,2020년 스타트업 칼리지 전기공사 계약 의뢰,49926340,2021-01-22,주식회사 동익엔지니어링
55,자산,[대학혁신]인문대학 창의융합 협업강의실(온라인녹화시스템) 구축에 따른 교육기자재 구입의뢰,40007000,2021-01-14,(주)올인원시스템
56,공사,"글로벌아시아, 창업, IT 도서관 건립공사 관급자재 구매(빌딩자동제어장치) 계약의뢰",222849550,2021-01-13,한경기전(주)
57,공사,"글로벌아시아, 창업, IT 도서관 건립 공사 관급자재 구매(고내식 불연강판) 계약의뢰",108326700,2021-01-07,인천지방조달청
58,공사,"글로벌아시아, 창업, IT,도서관 건립 공사 관급자재 구매(축열식 지열 히트펌프 장비 설치 및 공사) 계약의뢰",992390960,2021-01-07,(주)신성엔지니어링
59,자산,[통합][비대면긴급지원사업]영상회의실 비대면 통합영상시스템 구축,123032800,2021-01-04,주식회사 브릭스컴퍼니
60,용역,"글로벌아시아, 창업, IT 도서관 건립 공사 [폐기물처리용역]",102290320,2020-12-23,주식회사 아이케이
61,공사,2020년 소방작동기능점검에 따른 소방시설 보수공사 계약의뢰,23118300,2020-12-22,서부전력 주식회사
62,용역,인천대학교 통합무인경비시스템 용역(장기계속 1차),171662670,2020-12-01,주식회사 에스원
63,용역,기록관리시스템(RMS) 구축 용역 계약의뢰,472400000,2020-12-01,한국문헌정보기술 주식회사
64,자산,인천대학교 가스안전 캐비닛 구입의뢰,76450000,2020-12-01,에스비엠주식회사
65,자산,[대학혁신사업]셀프스튜디오 구축을 위한 방음부스 및 촬영 장비 구입,42083110,2020-11-25,한서유통
66,용역,인천대학교 SNS 홍보 대행 용역 계약 의뢰,49900000,2020-11-20,조앤소프트 주식회사
67,용역,[대학혁신사업단] 신편입학전형 방역소독 용역 위탁,47348410,2020-11-10,주식회사 삼성종합관리
68,공사,"글로벌아시아, 창업, IT 도서관 건립 공사 [건축] - 2020년 연부액",503708000,2020-10-28,주식회사 바림종합건설
69,공사,"[통합] 인천대학교 글로벌아시아, 창업, IT 도서관 건립공사 [건축] - 2021년 연부액",6692131660,2020-10-28,주식회사 바림종합건설
70,용역,2020년 소방작동기능점검 용역 계약의뢰,29867200,2020-10-27,(주)한국소방엔지니어링
71,용역,전자결재시스템 고도화 용역 계약의뢰,385000000,2020-10-13,주식회사 아인톱시스템
72,공사,제물포캠퍼스 성지관 환경개선 전기공사,21032930,2020-10-08,주식회사 서해건설전기
73,공사,"인천대학교 글로벌아시아, 창업, IT 도서관 건립공사 [소방] - 2021년 연부액",688537390,2020-10-07,(주)태호이앤씨
74,공사,"인천대학교 글로벌아시아, 창업, IT 도서관 건립공사 [통신] - 2021년 연부액",871833350,2020-10-07,주식회사 에디넷
75,공사,"인천대학교 글로벌아시아, 창업, IT 도서관 건립공사 [전기] - 2021년 연부액",1176457250,2020-10-06,주식회사 명전계전
76,공사,[대학혁신지원사업] 스튜디오 고도화를 위한 실내건축공사,34512520,2020-09-16,(주)해오름티앤아이
77,자산,[통합] (분자의생명전공)2020년 신임교원 연구환경 조성 지원계획에 따른 기자재 구입,69983760,2020-09-09,주식회사 디엘정보
78,자산,기계공학과 교육용기자재 (쾌속조형기(3D프린터)) 구입,34155000,2020-09-08,쉐입쓰리디 테크놀로지
79,공사,제물포캠퍼스 성지관 환경개선공사 계약 의뢰,81855400,2020-08-26,(주)한길리페아
80,자산,[통합] 컴퓨터공학부 2020년 교육용기자재(자율주행 차량용 임베디드 보드) 구입,42020000,2020-08-18,(주)한컴아카데미
81,자산,기계공학과 교육용기자재 (자동전해연마기 본체 및 컨트롤러) 구입,23650000,2020-08-13,세원코퍼레이션
82,용역,인천대학교 산학클러스터관 건립 설계용역 계약의뢰,694055000,2020-08-10,(주)엄앤드이종합건축사사무소
83,용역,2020년 인천대학교 소식지 제작 계약 의뢰,47000000,2020-08-06,승일미디어그룹 주식회사
84,용역,[통합] 인천대학교 홈페이지 유지보수 계약 의뢰(장기 계약),81619740,2020-07-30,조앤소프트 주식회사
85,자산,[통합](나노바이오전공)2020년 신임교원 연구환경 조성 지원계획에 따른 기자재 구입,37716100,2020-07-28,주식회사 이노링크
86,공사,2020년 소방종합정밀점검에 따른 소방시설 보수공사 계약의뢰,33457740,2020-07-27,대성전기공업(주)
87,용역,"글로벌아시아, 창업, IT 도서관 건립 공사 [책임감리(건설사업관리용역)]",1289921000,2020-07-23,신성종합건축사사무소(주)
88,공사,"생활원 제1,2,3기숙사 스피드게이트 설치에 따른 계약 요청",252319280,2020-07-23,(주)엘트정보기술
89,자산,[통합] 전자공학과 교육용기자재(오실로스코프) 구입 요청,31997600,2020-07-20,디오세이프티(DO SAFETY)
90,용역,2021학년도 신ㆍ편입학 인터넷 원서접수 및 전형료 수납대행사 선정을 위한 입찰 요청,89960000,2020-07-16,주식회사 진학어플라이
91,용역,인천대학교 복합기 임차 및 유지관리 계약 의뢰,30115150,2020-06-24,(주)미래엔시스
92,공사,[대학혁신] 관산학 협업 및 이노베이션 스페이스 공간 구축 리모델링 계약의뢰,54255130,2020-06-23,주식회사 디노건축
93,용역,2020년 인천대학교 축제 무대설치 및 출연진 섭외 용역 계약의뢰,149820000,2020-06-22,이노베이 주식회사
94,공사,[도시과학대학] 미니IT도서관 구축공사,52754000,2020-06-18,주식회사 아이템
95,용역,영상기반 채용매칭 프로젝트 추진을 위한 용역 입찰의뢰,50000000,2020-06-01,주식회사 리스펙(RESPEC)
96,용역,인천대학교 홈페이지 유지·보수 계약 의뢰,20574000,2020-05-29,(주)버츄얼드림
97,용역,2020년 소방종합정밀점검 용역 계약의뢰,34862740,2020-05-21,(주)한국소방엔지니어링
98,용역,2020년(1차계약) 인천대학교 냉·온 정수기 임차 및 유지관리 용역,54109040,2020-05-12,삼성정보기술 주식회사
99,구매/기타,2020년도 행정용 소프트웨어 연간 임대 계약 의뢰,196073460,2020-05-12,(주)비츠코리아
100,구매/기타,2020년 국내자료 구매 연간단가계약,290000000,2020-05-11,(주)교보문고
101,구매/기타,2020년 국외자료 구매 연간단가계약,180000000,2020-04-29,IBA Korea
102,용역,2020년 학산도서관 통합유지보수,92290000,2020-04-22,주식회사 에이블아이앤씨
103,용역,인천대학교 스마트캠퍼스 개발계획 및 실시계획 변경 수립 용역 시행,87154000,2020-04-21,극동엔지니어링 주식회사
104,용역,2020년 통합정보시스템 유지보수 계약 의뢰,272800000,2020-04-07,(주)토마토시스템
105,용역,정보자원 통합 유지보수 계약(장기계속 1차),877437000,2020-04-01,오상자이엘 주식회사
106,구매/기타,2020학년도 교육용 소프트웨어 SPSS 연간라이선스 계약 의뢰,81840000,2020-03-31,주식회사 지니클라우드
107,용역,2020년도 생활원(제1기숙사 및 게스트하우스)방호 위탁용역 계약 의뢰,55746800,2020-03-26,(주)선진알앤디
108,용역,2020 학생언론기구 간행물 발간 계약의뢰,51453000,2020-03-16,성광인쇄소
109,용역,2020년 학교경영자배상책임보험 가입 계약 의뢰,41603200,2020-03-05,디비손해보험 주식회사
110,용역,2020 대학구성원 생일 기념일 상품권 구입의뢰,31470000,2020-02-28,(주)티아이커머스
111,용역,2020년도 교환기 및 부대장비 유지관리 용역,46272000,2020-02-27,(주)시트론정보통신
112,공사,자연생태관찰관 조류관찰대 데크 설치 공사,27656700,2020-02-26,주식회사 반석조경건설
113,구매/기타,교육용 소프트웨어 Adobe 연간 라이선스 계약의뢰,76593000,2020-02-21,유어스텍
114,용역,2020학년도 외국인유학생 보험 계약의뢰,37844800,2020-02-20,사단법인 한국교육안전공제회
115,용역,[대학혁신]실험실증테스트베드시스템 구축 용역,69850000,2020-02-18,주식회사 에코란트
116,용역,[대학혁신]Smart University 통합관제센터시스템 구축 용역,74900000,2020-02-12,몬드리안에이아이주식회사
117,공사,인천대학교 송도캠퍼스 테니스장 관리동 증축공사 계약 의뢰,81546400,2020-02-11,메소포타미아 주식회사
118,공사,인권 및 생활상담민원 일원화를 위한 공간 구축,35342811,2020-02-05,사람인 디자인 주식회사
119,공사,(대학혁신사업)기초교육원 12호관 토론식 강의실 인테리어 공사,59856000,2019-12-23,주식회사서영이엔씨
120,자산,[통합]건설환경공학전공 교육·연구용기자재 (수질분석기) 구입,32800000,2019-11-22,(주)에스비이앤이
121,구매/기타,2020년도 외국학술지 구입 계약 의뢰,97790000,2019-11-21,(주)엠제이에스인터네셔날
122,용역,인천대학교 제물포캠퍼스 불용품(폐기물) 처리 용역 계약 의뢰,154208450,2019-11-11,주식회사 만림환경
123,용역,송도캠퍼스 1종시설물 정밀점검 용역 계약 의뢰,55117000,2019-10-25,(사)대한산업안전협회
124,용역,성과평가관리 시스템 구축 용역 의뢰,139700000,2019-10-21,(주)아이디노
125,용역,2019년 소방작동기능점검 용역 계약의뢰,29026980,2019-10-15,대한화재안전(주)
126,공사,"송도캠퍼스 수배전반(VCS, ACB, 정류기 보수 공사) 시행",15945450,2019-09-20,세운전기공사주식회사
127,용역,2019년 인천대학교 가을축제 무대설치 및 출연진 섭외 용역 계약의뢰,49500000,2019-09-16,(주)엠씨피
128,공사,공과대학 독성 및 가연성가스 방폭케비넷 설치공사 계약의뢰,94580180,2019-09-03,에스비엠주식회사
129,자산,(대학혁신사업)교양교육 및 창의융합 공간 구축을 위한 음악실(피아노)구매계약 의뢰(입찰),36800000,2019-08-26,(주)남인천영창
130,자산,"(대학혁신사업)창의, 융합협업공간 구축 스마트 교양교과목 강의 기자재 구매계약의뢰(조달)",100439460,2019-08-22,인천지방조달청
131,용역,"글로벌아시아, 창업, IT,도서관 설계용역 계약의뢰",711420300,2019-08-08,(주)엄앤드이종합건축사사무소
132,자산,(생명공학전공)2019년 교육용기자재 구입 의뢰(고성능 유세포 분석기),64240000,2019-08-08,주식회사 파워랩
133,공사,2019년 소방종합정밀점검에 따른 소방시설 보수공사 계약의뢰,33619560,2019-08-07,주식회사 선호이엔티
134,공사,미추홀 B동 칠러시스템 및 유틸리티 배관공사,22358920,2019-07-24,에스비엠주식회사
135,자산,[통합]정보통신공학과 교육용기자재 (Digital oscilloscope) 구입,48092000,2019-07-19,주식회사 모렌스
136,자산,[통합]정보통신공학과 교육용기자재 (연산서버) 구입,50930000,2019-07-18,(주)위드엠테크놀로지
137,용역,2020학년도 신ㆍ편입학 인터넷 원서접수 및 전형료 수납대행사 선정을 위한 입찰 요청,92500000,2019-07-15,주식회사 진학어플라이
138,자산,[통합]물리학과 교육용기자재 (나노계산클러스터) 구입,66500000,2019-07-15,주식회사 샌디아
139,자산,[통합]컴퓨터공학부 교육용기자재 (Multi-GPGPU High Performance Computing System) 구입,68280000,2019-07-04,투앤원정보통신주식회사
140,자산,[통합]체육학부 교육용기자재 구입 [양방사선골밀도측정기],90000000,2019-06-27,경인테크
141,자산,[통합]조형예술학부 교육용기자재 [중형포맷카메라kit] 구입,35816000,2019-06-27,주식회사 엠아이세븐
142,자산,메카트로닉스공학과 교육용 기자재(PC 25대) 구입신청,21540000,2019-06-24,현대멀티캡 주식회사
143,자산,[통합] 디자인학부 교육용기자재 구입 [색채휘도계],38170000,2019-06-11,(주)인피네트
144,용역,2019년 소방종합정밀점검 용역 계약의뢰,33697990,2019-05-28,(주)대원소방엔지니어링
145,구매/기타,2019년도 행정용 소프트웨어 연간 임대 계약 의뢰,186000000,2019-05-28,(주)비츠코리아
146,용역,2019학년도 생활원(제1기숙사) 개관청소 및 매트리스 청소용역 계약 의뢰,44097190,2019-05-28,에이스종합관리주식회사
147,용역,[교비+국비] 2019년도 파란사다리사업 단체 항공권 구매 요청,123592000,2019-05-16,주식회사 수현항공여행사
148,구매/기타,2019년 국내자료 구매 연간단가계약,290000000,2019-04-25,(주)교보문고
149,구매/기타,2019년 국외자료 구매 연간단가계약,180000000,2019-04-24,(주)교보문고
150,구매/기타,2019년도 교육용 소프트웨어 SPSS 연간라이선스 계약 의뢰,81290000,2019-04-15,주식회사 지니클라우드
151,용역,2019년도 인천대학교 생활원(제1기숙사 및 게스트하우스)방호 위탁용역 계약 의뢰,164500000,2019-03-28,고산실업(주)
152,용역,2019 학산도서관 정보자원 통합유지보수,100793000,2019-03-26,주식회사 에이블아이앤씨
153,용역,2019년 인천대학교 독서통신 위탁교육,29141640,2019-03-22,엠에스에듀
154,용역,2019년 학교경영자배상책임보험 가입 계약 의뢰,35638300,2019-03-08,현대해상화재보험(주)
155,용역,2019년 통학버스 계약의뢰(연간),167096220,2019-03-08,(주)아름관광여행사
156,용역,2019 언론출판연합회 간행물 발간 계약의뢰,52786120,2019-03-05,주식회사 글소리
157,구매/기타,2019 대학구성원 생일 기념일 상품권 구입의뢰,32752000,2019-02-28,(주)티아이커머스
158,용역,2019년도 교환기 및 부대장비 유지관리용역 시행,45580000,2019-02-27,(주)시트론정보통신
159,용역,2019학년도 외국인유학생 보험 계약의뢰,33079670,2019-02-25,사단법인 한국교육안전공제회
160,공사,2018년 소방작동기능점검에 따른 소방시설 보수공사 계약의뢰,28446150,2019-02-21,옹진전력(주)
161,구매/기타,"2019학년도 생활원 제1, 2기숙사 오리엔테이션 기념품 구입",26493600,2019-02-18,제물포기념사
162,자산,국비(성과관리사업) 전기공학과 교육용 기자재(정밀 파워 측정 스코프) 구매(9),66550000,2019-02-18,크리시스
163,자산,(성과관리)교육용 소프트웨어(Adobe)라이센스 구입 의뢰,69740000,2019-02-11,주식회사 아이에스시지
164,자산,[2018 법인화 성과관리사업비]건설환경공학전공 교육용 기자재 구입요청(관로조사용 CCTV),25900000,2019-02-08,상진기업
165,자산,국비(성과관리사업) 전기공학과 교육용 기자재(서버컴퓨터 외 5건) 구매(15),29150000,2019-02-01,주식회사 투비와이드
166,공사,인천대학교 송도캠퍼스 CCTV설비 개선공사,34438580,2019-01-28,주식회사 에스티씨네트웍스
167,자산,인천대학교 CCTV카메라설비 구입설치,49250340,2019-01-28,(주)유진인프라코어
168,공사,동북아물류대학원 화상회의 시스템 구축공사 계약의뢰,27034620,2019-01-15,가하정보기술
169,용역,(수도권대학 미래)질적성장기반 구축을 위한 윈도우 기반 3차원 모션제어 및 음성인식 툴 개발 용역계약의뢰Request for service contract to Developing Windows-based three-dimensional motion and voice recognition tools,126000000,2019-01-14,주식회사 인투비글로벌
170,자산,"정보기술대학, 무역학부, 도시공학과 교육용기자재 노트북컴퓨터 외 9종 구입",37425000,2019-01-02,드림에스앤씨
171,자산,임베디드시스템공학과 교육용 기자재(노트북 16대) 구매 요청,37892000,2019-01-02,(주)이노텍코리아
172,구매/기타,2018년 소방자재 교체 계약의뢰,44806300,2018-12-31,주식회사 태산전자
173,용역,2018년 소방시설 작동기능점검 용역 시행,27379400,2018-12-18,(주)한국소방엔지니어링
174,용역,『INU 전공 진로 Road Map』전문자료 제작 의뢰,35283560,2018-12-13,진원디자인프린텍
175,구매/기타,인천대학교 홍보기념품 구매 계약 의뢰,24448000,2018-12-10,천만상사
176,공사,송도캠퍼스 융합과학기술원 미추홀 B동 유틸리티 장비설치공사,201299490,2018-12-06,주식회사신아엔지니어링
177,구매/기타,2019년도 외국학술지 구입 계약 의뢰,91130000,2018-12-05,(주)엠제이에스인터네셔날
178,자산,도시건축학전공 교육용기자재 (데스크톱컴퓨터 외 28종) 구입,56250000,2018-11-21,디엔씨오토메이션
179,자산,국비(성과관리사업)산업경영공학과 교육용기자재(PEEK 3D프린터) 구입,66192000,2018-11-21,예스에듀
180,공사,기계공학과 연구용 실험실(Ahn Lab)전력용량증설 전기공사 시행,37449800,2018-11-19,부성전기
181,자산,국비(성과관리사업)메카트로닉스공학과 교육용기자재(HPC)구입신청,57200000,2018-10-31,(주)아스카넷
182,자산,국비(성과관리사업비) 전자공학과 교육용기자재(고속카메라) 구입,34700000,2018-10-16,(주)리스피
183,자산,(디에스피)사업단 실험실습기자재 구매 요청 - 빅데이터 분석 서버,22332610,2018-09-17,(주)이엔에스솔루션
184,자산,국비(성과관리사업) 기계공학과 교육용기자재(열전지 성능 측정 및 분석 시스템) 구입,62975000,2018-09-14,이켐테크놀리지
185,자산,국비(성과관리사업비) 전자공학과 교육용기자재(레이져) 구입,23400000,2018-08-17,(주)에스엠텍
186,자산,컴퓨터공학부 2018년 교육용기자재(Multi-GPGPU Data Processing System) 구입,59290000,2018-08-07,주식회사 디엘정보
187,용역,2018학년도 원어민 화상외국어 위탁교육 운영 입찰의뢰,48928000,2018-08-03,주식회사 캐럿에듀
188,공사,인천대학교 AV시스템 후랙시블 재설치 공사 3차 계약의뢰,61271580,2018-08-02,(주)대영미디어기술
189,공사,종합정밀점검에 따른 소방시설 보수공사 시행,33178300,2018-07-30,주식회사 가람건영
190,용역,2018학년도 생활원(제1기숙사) 개관청소 및 매트리스 청소용역 계약 의뢰,50892420,2018-06-20,한국진돗개안전씨엔에스 주식회사
191,자산,(수도권대학 미래)질적성장기반 구축을 위한 앙뱡향 협업솔루션(설치조건부 및 환경개선 포함)구매 계약의뢰Request for purchase contract to build a qualitative growth for a biannuous collaboration solution (including installation conditions and environment improvement),100041380,2018-06-12,주식회사 부림
192,용역,2018학년도 어학특강 위탁교육 입찰의뢰,119100000,2018-06-11,(주)티티씨에듀
193,구매/기타,2018년도 인천대학교 공용소프트웨어 MS OVS-ES 외 2종 연간사용권 구매,167297900,2018-06-07,(주)비츠코리아
194,용역,2018년 인천대학교 축제 무대설치 및 출연진 섭외 용역 계약의뢰,88000000,2018-05-21,(주)엠씨피
195,용역,소방시설 종합정밀점검용역 시행,32991948,2018-05-17,(주)미래이앤지
196,자산,2018년도 중어중국학과 교육용기자재 구입,28842000,2018-05-16,스마트한 주식회사
197,자산,(수도권대학 미래)질적성장기반 구축을 위한 교육용 기자재(3D 스캐닝 토탈스테이션) 구매 계약의뢰,99000000,2018-05-15,(주)대신측기
198,구매/기타,2018년 국내자료 구매 연간단가 계약,320000000,2018-05-09,(주)교보문고
199,구매/기타,(성과관리)2018년도 교육용 소프트웨어 SPSS 연간라이선스 계약 의뢰,79700000,2018-05-09,(주)오렌지테크
200,자산,(수도권대학 미래)질적성장기반 구축을 위한 교육용 기자재(TDS-540-30H) 계약의뢰,22141380,2018-05-09,케이에스유통
201,용역,18년도 학군단 해외군사문화탐방 계약요청,22154000,2018-04-23,주식회사 엘림투어
202,용역,2018 대학 소식지 및 뉴스레터 제작 계약 의뢰,93000000,2018-04-23,웨스트코(주)
203,구매/기타,2018년 국외자료 구매 연간단가 계약,210000000,2018-04-17,지식정보
204,용역,2018학년도 인천대학교 생활원 미화 및 방호 위탁용역 계약 의뢰,280500000,2018-03-27,고산실업(주)
205,용역,2018년 인천대학교 청소용역 시행,1898074370,2018-03-27,(주)행복한세상
206,용역,2018년도 기·전설비 관리용역 계약의뢰,547659840,2018-03-27,(주)대성공사
207,용역,2018 학산도서관 정보자원 통합유지보수,97456700,2018-03-22,주식회사 에이블아이앤씨
208,용역,2018년도 소방시설 안전관리용역 시행,122720560,2018-03-22,(주)중앙소방이앤지
209,용역,2018년도 인천대학교 스포츠센터 셔틀버스 운용 용역 계약,45280000,2018-03-22,(주)우주투어
210,용역,2018년 교환기 및 부대장비 유지용역 시행,46200000,2018-03-15,(주)시트론정보통신
211,용역,2018년 인천대학교 AV시스템 유지관리용역,31368030,2018-03-15,주식회사 금산
212,용역,2018년 학교경영자배상책임보험 가입 계약 의뢰,35239700,2018-03-14,현대해상화재보험(주)
213,용역,2018학년도 외국인유학생 보험 계약 의뢰,31223500,2018-03-06,사단법인 한국교육안전공제회
214,용역,정보자원 통합 유지보수 계약(장기계속 2차),697367680,2018-03-01,오상자이엘 주식회사
215,용역,2018년 인천대학교 통합무인경비시스템 용역(장기계속 2차),659333330,2018-03-01,주식회사 에스원
216,용역,2018년 통학버스 계약의뢰,172534000,2018-02-28,(주)아름관광여행사
217,자산,2017년 융합연구기자재(갤여과 크로마토그래피) 구입,37578500,2018-02-26,대명종합상사
218,용역,2018 언론출판연합회 간행물 발간 계약의뢰,66170640,2018-02-23,한컴프린팅
219,공사,송도캠퍼스 미추홀 B동 융합과학기술원 실험실 공사,445311000,2018-02-23,(주)케이디엠건설
220,공사,인천대학교 융합과학기술원 실험실 전기공사(2단계) 계약의뢰,152617000,2018-02-23,강원인더스트리 주식회사
221,공사,융합과학기술원 미추홀 B동 이전에 따른 통신공사(2단계) 시행,29286000,2018-02-23,더사운드 주식회사
222,공사,인천대학교 융합과학기술원 연구실 및 중점연구시설 전기공사(1단계) 시행,84319990,2018-02-14,합자회사 대동기업
223,공사,융합과학기술원 크린룸 소방공사 시행,33686920,2018-02-14,주식회사 신동광에너지
224,공사,송도캠퍼스 융합과학기술원 미추홀 B동 크린룸 공사,388868700,2018-02-14,수공테크(주)
225,공사,12호관 3층 테라스 정원조성 공사 계약의뢰,76099160,2018-02-13,푸른마을사람들
226,자산,(법인회계) 경영학부 2017년도 교육용 기자재(서버) 구입의뢰,21013050,2018-02-13,주식회사 태광캐미칼
227,자산,2017년도 건설환경공학전공 교육용기자재 구입요청(암석직접전단시험기),49800000,2018-02-07,(주)대일비앤비
228,공사,작동기능점검에 따른 소방시설 보수공사 시행,24476000,2018-01-17,무진전기주식회사
229,용역,2017년도 우수직원 해외연수 위탁용역계약(긴급),35238000,2018-01-11,주식회사 그린투어
230,자산,국비(성과관리) 전기공학과 교육용기자재(네트워크분석기외 9종) 구입,48400000,2017-12-28,(주)트윈텍아이엔씨
231,공사,송도캠퍼스 학생복지 시설 증축(팝업 스토어 몰) 공사 계약의뢰,489070900,2017-12-20,메소포타미아 주식회사
232,공사,송도캠퍼스 학생복지시설 증축(팝업 스토어 몰) 전기공사 계약의뢰,93437700,2017-12-18,주식회사 티에이치이앤씨
233,공사,송도캠퍼스 학생복지 시설 증축(팝업 스토어 몰) 통신공사 계약의뢰,58825800,2017-12-15,한라정보통신 주식회사
234,자산,2017년도 수도권특성화사업 특화자료 구매 연간단가계약 의뢰,100000000,2017-12-12,IBA Korea
235,구매/기타,2018년도 외국학술지 구입 계약 의뢰,91420000,2017-12-12,(주)엠제이에스인터네셔날
236,용역,소방시설 작동기능점검 용역 시행,28438350,2017-11-24,대한화재안전(주)
237,용역,스포츠센터 홈페이지 및 통합관리시스템 구축,59800000,2017-11-13,(주)혁산정보시스템
238,자산,(수도권대학 미래)미래도시 질적교육 성장기반 구축을 위한 광원(빔)시스템 구입,53570000,2017-10-11,주식회사 쓰리에스시스템
239,자산,무선랜 시스템 구축(조달구매요청),463679700,2017-09-28,주식회사 티볼리씨앤씨
240,자산,(수도권대학 미래)미래도시 원거리 협업시스템(설치조건부) 물품 구매(긴급),172375000,2017-09-22,(주)테크데이타
241,자산,교비-도시건축학부 교육용기자재 구입(15종),34718110,2017-09-12,투알엘(2RL)
242,공사,통행로 조명타워 신설 등 환경개선 전기공사,43414000,2017-08-21,경인전기공사
243,공사,보건진료소 등 인테리어 공사,71765500,2017-08-18,장인건영(주)
244,용역,제11차 항구도시대학연합(PUL) 연차국제회의 행사대행 용역(재공고),145517130,2017-08-17,주식회사 더 웰컴
245,용역,생활원(기숙사) 개관청소 및 매트리스 청소용역,30627400,2017-08-16,(주)에이스휴먼
246,자산,인천대학교 교육용 기자재 구입(나노바이오전공 열충격로외 8종),125400000,2017-08-11,가담종합유통
247,자산,국비(성과관리사업) 조형예술학부(서랍형작업대) 교육용기자재 구입,20138000,2017-08-01,경희인테리어가구
248,공사,미추홀 별관B동 과학영재교육원 시설공사,51580000,2017-07-26,주식회사 엔에스플랜
249,공사,생명공학부 칸막이 조성공사 및 사범대 방음공사 외 기타공사 시행,29079650,2017-07-25,(주)원일에프엔씨
250,공사,종합정밀점검에 따른 소방시설 보수공사,26454000,2017-07-25,주식회사 단경
251,공사,인천대학교 AV시스템 후랙시블 재설치 공사,62218600,2017-07-17,(주)대영미디어기술
252,용역,송도캠퍼스 에너지 이용 효율개선 진단 용역,44102500,2017-06-27,주식회사 기장엔지니어링
253,공사,지진가속도 계측기 설치공사,124080000,2017-06-27,(주)홀리랜드테크놀러지
254,구매/기타,2017년도 한컴 CLA 연간사용권 구매,47580500,2017-05-31,(주)엠씨알에스
255,용역,소방시설 종합정밀점검 용역,34276200,2017-05-24,삼삼기업(주)
256,구매/기타,교육용 소프트웨어 SPSS 연간 라이선스 구입,79000000,2017-05-17,(주)오렌지테크
257,공사,바이오 공동훈련센터 개설에 따른 전기공사 시행,69314000,2017-05-04,주식회사 케이디이앤씨
258,용역,2017년도 정보자원 통합유지보수 계약(장기계속),581629540,2017-04-28,오상자이엘 주식회사
259,공사,송도캠퍼스 냉동기(터보 및 흡수식) 기계세관 및 정비공사 계약의뢰,44253400,2017-04-26,(주)정밀기공
260,구매/기타,2017년 국내자료 구매 연간 단가 계약,320000000,2017-04-25,(주)알라딘커뮤니케이션
261,구매/기타,2017년도 예비군훈련 도시락 구매 단가계약,27000000,2017-04-20,행복을나누는도시락
262,구매/기타,2017년 국외자료 구매 연간 단가 계약,210000000,2017-04-17,하이컴
263,공사,영상 회의실 회의영상 송출시스템 구축 공사,28041640,2017-04-11,한라정보통신 주식회사
264,공사,바이오 공동훈련 센터 조성공사,53020000,2017-04-07,(주)명품건설
265,용역,국비(성과관리사업) 2017학년도 모의토익 시행에 따른 계약 의뢰,34900000,2017-04-07,(주)와이비엠넷
266,용역,2017년 미니 그린플러그드 및 축제 초청 연예인 섭외 용역,53955000,2017-04-04,(주)퍼플비
267,공사,인천대학교 홍보 영상 송출 시스템 교체 공사,26419700,2017-04-04,(주)와콘
268,자산,행정업무용 인터넷 전화기 구입,26121190,2017-04-03,(주)시트론정보통신
269,용역,"2017년 인천대학교 기계,전기설비 관리용역",530336620,2017-03-31,흥안실업(주)
270,용역,2017년도 미래관 및 동북아 E-Biz센터 경비 용역,54205000,2017-03-31,비알엘주식회사
271,용역,2017년 미래관 및 동북아 E-BIz센터 청소 용역,95578300,2017-03-31,주식회사 효자건설
272,용역,2017학년도 인천대학교 청소용역,1473604550,2017-03-30,(주)대청
273,용역,2017년도 미래관 및 동북아 E-Biz센터 시설관리 용역,41092200,2017-03-28,주식회사 신성이앤씨
274,용역,옥상텃밭 조성공사,87619000,2017-03-21,지인조경(주)
275,구매/기타,2017 학교경영자배상책임보험 가입,37887900,2017-03-17,현대해상화재보험(주)
276,용역,2017학년도 대학종합정보시스템 유지보수 용역,88072600,2017-03-08,(주)토마토시스템
277,용역,2017년 언론출판연합회 간행물 발간 계약의뢰,45964600,2017-03-02,은정문화사
278,자산,기계공학과 3D프린터시스템 구입,39600000,2017-02-28,주식회사 티모스
279,용역,2017년 통학버스 계약의뢰,161611000,2017-02-28,(주)그랜드관광
280,용역,2017학년도 인천대학교 AV시스템 유지관리 용역,33774840,2017-02-28,주식회사 금산
281,구매/기타,(수도권특성화사업 본부)교무과 교육용소프트웨어 Adobe 캠퍼스라이센스 구매 요청,56300000,2017-02-27,주식회사 아이에스시지
282,용역,2017학년도 학산도서관 정보자원 통합유지보수,106850040,2017-02-27,(주)월드넷코리아
283,자산,행정용 PC 본체 및 모니터 구입 의뢰,551361500,2017-02-27,인천지방조달청
284,용역,2017년도 교환기 및 부대장비 유지보수 용역,44022000,2017-02-23,(주)시트론정보통신
285,용역,인천대학교 어학특강 위탁교육 운영 용역,119700000,2017-02-21,(주)티티씨에듀
286,공사,송도캠퍼스 체육관 2층 테라스 증축 전기공사,34915000,2017-02-20,진우전력
287,용역,5C 핵심역량 스마트 콘텐츠 개발,42240000,2017-02-17,(주)재미
288,공사,송도캠퍼스 체육관 증축공사(건축분야),102819770,2017-02-14,갑진종합건설 주식회사
289,자산,전기공학과 Dual Sliding Tube Furnace 구입,21560000,2017-02-09,엠티아이코리아
290,자산,일학습병행제 사업운영을 위한 열화상카메라 구입,31619600,2017-01-31,쌔미쌔미
291,자산,공동기기원 형광분광분석기(TCSPC) 구입,307799650,2017-01-25,동우옵트론(주)
292,자산,일학습병행제 사업운영을 위한 S/W(소프트웨어) 솔리드웍스(Solidworks) 구입 의뢰,31349990,2017-01-24,주식회사 큐빅테크
293,자산,(수도권대학 미래)미래도시 가상/증강현실 스튜디오 설치조건부 물품 구매,295000000,2017-01-19,(주)테크데이타
294,구매/기타,AV시스템내 전자교탁 유지보수부품 구입,37250000,2017-01-19,파워에스에스
295,공사,작동기능점검에 따른 소방시설 보수공사,41636000,2017-01-18,주식회사 태우테크
296,공사,"생활원 기숙사(B동) 도배, 바닥재(마루) 교체공사",161732560,2017-01-09,주식회사 매일건설산업
297,자산,[법인회계_제2회추경] 기계공학과 교육용기자재(광학현미경시스템) 계약 의뢰,20939000,2017-01-06,대명종합상사
298,공사,인천대학교 송도캠퍼스 테니스장 조명환경 개선 전기공사,78181530,2017-01-05,정진전기 주식회사
299,용역,IT도서관 건립 기본계획안 수립 및 타당성 조사 연구용역,27272000,2017-01-04,소요도시건축사사무소
300,자산,2017년도 외국학술지 구입,77780000,2016-12-01,(주)엠제이에스인터네셔날
301,자산,[국비]유해가스 정화장치 및 비상기구함 구입,31364800,2016-11-24,에이알에프코리아
302,공사,게스트하우스 유휴 지열에너지 기숙사 공급 설비공사,201256490,2016-11-18,영화엔지니어링
303,용역,인천대학교 홍보 동영상 제작,51462000,2016-11-03,(주)투와이드컴퍼니
304,용역,2016년도 건축물 정밀점검,58951400,2016-10-25,(주)합건설방재기술단
305,자산,"공동기기원 질량분석기구입(LC/QTOF SYSTEM, 외자)",325436330,2016-08-29,인천지방조달청
306,자산,[국비]고압가스안전캐비넷 등 구입,105345000,2016-08-24,에스비엠주식회사
307,공사,[국비]국립대 법인 실험실 안전환경조성사업 기계설비공사,210956220,2016-08-23,대주이엔티(주)
308,자산,[국비]냉동시약장(자체정화식) 구입,64220000,2016-08-18,비엔씨
309,자산,[국비]생물안전작업대(바이오안전캐비넷(BSC)) 구입,53130000,2016-08-12,(주)에스코코리아마이크로피티이
310,공사,송도캠퍼스 융합과학기술원 연구실 개보수 공사,109415000,2016-07-29,한진건설산업(주)
311,공사,인천대학교 테니스장 조도개선 전기공사,26111390,2016-06-16,(주)대동전력
312,자산,2016년도 한컴 CLA 연간 임대 재계약,44919600,2016-06-07,(주)엠씨알에스
313,용역,(중국학술원) 인차이나포럼·컨퍼런스·박람회 행사대행용역,270000000,2016-06-01,(주)문화방송
314,자산,2016년도 Microsoft EES 연간 사용권 구매,66440000,2016-05-30,(주)비츠코리아
315,자산,경제학과 2016년 교육용기자재(노트북) 구입,2673640,2016-05-30,인천지방조달청
316,자산,교육용 기자재 Visual Studio 연간 사용권 구입,23034000,2016-05-30,(주)비츠코리아
317,자산,전자공학과 교육용기자재(테스크톱컴퓨터 외 4종) 계약 의뢰,22640110,2016-05-23,인천지방조달청
318,용역,2016 대학 소식지 제작,91496000,2016-05-20,웨스트코(주)
319,자산,(물리학과) 2016년 교육용실험실습기자재(He Gas Compressor) 구입,15000000,2016-05-12,성우인스트루먼츠(주)
320,자산,2016년도 국내자료 구매 연간단가계약,370000000,2016-04-21,(주)교보문고
321,용역,"2016년 공용차량(카니발, 소나타) 임대(1차년도)",12955630,2016-04-21,인천지방조달청
322,용역,인천유나이티드 프로축구단 광고,69000000,2016-04-15,(주)인천유나이티드
323,자산,교육용 PC 조달구매,228575100,2016-04-12,인천지방조달청
324,자산,2016년도 국외자료 구매 연간단가계약,210000000,2016-04-12,IBA Korea
325,자산,2016년도 기자재 구입(창의인재개발학과),3753150,2016-04-08,인천지방조달청
326,자산,"2016년도 기,전설비 관리용역",479746680,2016-03-31,(주)우림종합관리
327,용역,2016년도 인천대학교 청소용역,1335536500,2016-03-31,록산에버그린(주)
328,용역,2016학년도 정보자원 통합 유지보수,668910000,2016-03-29,오상자이엘 주식회사
329,용역,인천대학교 미래관 및 E-Biz센터 청소용역,90358400,2016-03-29,(주)굿데이서비스
330,자산,2016 원어민 화상외국어 위탁교육,68000000,2016-03-29,(주)씨듀
331,용역,인천대학교 미래관 및 E-Biz센터 경비용역,50089600,2016-03-29,(주)국제진흥
332,용역,2016년도 직원 독서통신 위탁교육(계약해지),24725000,2016-03-29,주식회사 지원아카데미
333,용역,2016년 미래관 및 동북아 E-biz센터 시설관리 용역,38924000,2016-03-25,연합안전경비(주)
334,용역,2016년 대학종합정보시스템 유지보수,350000000,2016-03-24,(주)토마토시스템
335,자산,교육용 소프트웨어 Adobe 라이선스 구매,34650000,2016-03-22,주식회사 아이에스시지
336,용역,2016년 학교경영자배상책임보험 가입,41786400,2016-03-22,현대해상화재보험(주)
337,자산,교육용 소프트웨어 SPSS 3종 라이선스 구매,50050000,2016-03-22,주식회사데이타솔루션
338,용역,2016년 소방시설 유지관리용역 계약,110473000,2016-03-17,(주)한국소방엔지니어링
339,자산,"(중국학술원) 컴퓨터, 사무용가구, 복사기 구입",44402630,2016-03-17,인천지방조달청
340,자산,대학창조일자리센터 설치관련 비품 구입,44499750,2016-03-17,인천지방조달청
341,용역,2016년도 교환기 및 부대장비 유지용역,37107400,2016-03-14,(주)시트론정보통신
342,용역,2016년도 통학버스 연간 임차용역,73333000,2016-03-02,(주)아름관광여행사
343,용역,"차세대 INU 종합정보시스템 2단계 구축(장기계속계약2차 분, 국고)",1074989960,2016-03-01,대우정보시스템 주식회사
344,자산,"서버(DB,WAS) 및 스토리지 교체",76240000,2016-02-29,하누리정보기술(주)
345,용역,2016년 학산도서관 정보자원 통합유지보수 계약,111596700,2016-02-29,(주)월드넷코리아
346,용역,2016년 인천대학교 AV시스템 유지관리용역 계약,31665000,2016-02-26,주식회사 금산
347,용역,2016년 인천대학교 교직원 단체보험 가입,275481220,2016-02-26,디비손해보험 주식회사
348,용역,2016년도 언론출판연합회 간행물 발간 연간 제작,48170000,2016-02-25,진원디자인프린텍
349,자산,도서관 이용자용 컴퓨터 구입,106095400,2016-02-25,인천지방조달청
350,자산,네트워크 트래픽 분석 및 차단 시스템 구축,114914800,2016-02-25,후버테크주식회사
351,용역,미추홀캠퍼스 개발계획 및 실시계획 변경용역,155675160,2016-02-25,(주)장원
352,자산,행정용 PC 및 모니터 구입,292582700,2016-02-25,인천지방조달청
353,자산,동북아물류대학원 PC 및 모니터 구입,8054000,2016-02-25,인천지방조달청
354,용역,미추홀캠퍼스 개발계획 및 실시계획 변경용역,155675160,2016-02-25,(주)장원
355,자산,무정전전원공급장치(UPS) 배터리 교체·설치,34039540,2016-02-19,범원실업
356,자산,비디오프로젝터 및 디지털카메라 구입,2645790,2016-02-15,인천지방조달청
357,자산,디지털 카메라(DSLR) 구입,2291080,2016-02-15,인천지방조달청
358,자산,송도캠퍼스 변풍량 방식 (VAV)댐퍼 보수공사,52270350,2016-02-15,주식회사 우민건설
359,공사,송도캠퍼스 변풍량 방식 (VAV)댐퍼 보수공사,52270350,2016-02-15,주식회사 우민건설
360,공사,인천대학교 상징물 설계(디자인) 및 제작설치,330000000,2016-02-11,(주)휴리스
361,공사,인천대학교 상징물 설계(디자인) 및 제작설치,330000000,2016-02-11,(주)휴리스
362,자산,IPP사업단 데스크탑 구입,3777580,2016-02-10,인천지방조달청
363,용역,2015년도 우수직원 해외연수 위탁용역,27222000,2016-02-02,(주)혜성여행사
364,자산,[국고]실험실용 배기기(흄후드) 구입,57000000,2016-01-27,신영산업
365,자산,송도캠퍼스 강의실 책걸상 조달구매,218069470,2016-01-26,인천지방조달청
366,자산,[실험실 안전환경 기반 조성]생물안전작업대(바이오안전캐비넷-BSC)구입,46389310,2016-01-21,주식회사 가온테크
367,자산,도시행정학과 교육용기자재(복합기) 구입,994810,2016-01-21,인천지방조달청
368,공사,인천대학교 안전물품설치 및 위험물저장소 신축에 따른 전기공사,80356750,2016-01-11,(주)샤인에너지
369,자산,일어일문학과 2015년도 제2회 추경 교육용 기자재(노트북) 구입,1618690,2016-01-10,인천지방조달청
370,자산,(나노바이오전공)2015년도 제2회 추경 교육용기가재(중앙실험대) 구입(조달),1157100,2016-01-08,인천지방조달청
371,자산,컴퓨터공학부 교육용기자재(노트북) 구입,1407560,2016-01-08,인천지방조달청
372,공사,위험물 저장소 증축공사,70724140,2016-01-08,무유종합건설(주)
373,공사,위험물 저장소 증축 소방공사,33350860,2016-01-08,협주엔지니어링
374,자산,컴퓨터공학부 교육용기자재(모니터) 구입,945070,2016-01-08,인천지방조달청
375,공사,"생활원 기숙사 C동 도배, 바닥재(마루) 교체공사",143652947,2016-01-05,(주)한산개발
376,자산,전자공학과 교육용기자재 노트북 구입,1417610,2015-12-29,인천지방조달청
377,용역,인천대학교 IPP형 일학습병행제 사업 포탈시스템 구축,35305600,2015-12-28,(주)휴노
378,자산,생명과학기술대학 학생회 물품(의자외 2종) 구입,2503770,2015-12-26,인천지방조달청
379,자산,(국비)융합과학기술원 중점시설연구 장비 구입,669500000,2015-12-15,엔엔에스베큠
380,용역,"차세대 INU 종합정보시스템 2단계 구축사업 감리 용역(2015년 분, 국고)",28154240,2015-12-14,(주)케이씨에이
381,자산,(도시과학대학)증축 이전에 따른 비품 구입(건설환경공학전공(2)),2306220,2015-12-07,인천지방조달청
382,자산,2016년도 외국학술지 구입,78390000,2015-12-02,(주)엠제이에스인터네셔날
383,용역,차세대 INU 종합정보시스템 2단계 구축사업(2015년 분),1115292010,2015-12-01,대우정보시스템 주식회사
384,자산,"공동기기원 교육연구용 기자재 구입(TEM, 외자)",1222445510,2015-11-30,인천지방조달청
385,자산,2015년도 일어일문학과 교육용 기자재(일체형PC) 2차 구입,2731160,2015-11-25,인천지방조달청
386,자산,"2015년도 교육용 실험실습기자재(교학실,조달) 구입",1637180,2015-11-16,인천지방조달청
387,용역,인천대학교 건물외벽 청소용역,39538620,2015-11-16,주식회사 주안종합관리
388,공사,송도캠퍼스 학과 실험실 재배치에 따른 전기공사,60866933,2015-11-11,태현건설
389,자산,교수학습지원센터 스마트강의실 교육용기자재 PC 외 1종 구입,9500000,2015-11-11,(주)앤디커뮤니케이션
390,자산,스포츠센터 컴퓨터 구입,2191290,2015-11-04,인천지방조달청
391,공사,인천대학교 조명환경개선을 위한 LED조명교체 전기공사,171245000,2015-11-02,주식회사 리오트
392,자산,도시건설공학전공 교육용기자재 구입,45889640,2015-09-25,(주)대영미디어기술
393,공사,미추홀캠퍼스 별관B동 칸막이공사,51789200,2015-09-24,효림아이디(주)
394,용역,인천대학교 제물포캠퍼스 및 증축 3개동 청소용역,102994690,2015-09-21,주식회사 연안
395,자산,도시건축학부 교육용실험실습기자재 구입,44737000,2015-09-18,주식회사 토너월드
396,공사,인천대학교 화상회의시스템 설치공사,35018800,2015-08-21,월드네트웍스(주)
397,공사,인천대학교 전자문서회의시스템 개선공사,37682190,2015-08-21,주식회사 오성전기
398,공사,인천대학교 대운동장 인조잔디 구매설치,455687630,2015-08-19,(주)정영씨엠
399,용역,인천대학교 대운동장 인조잔디 철거 및 재활용처리용역,73131800,2015-08-17,코오롱스포텍(주)
400,자산,인천대학교 UI변경에 따른 채널간판 및 안내사인 설치,115964800,2015-08-10,인천지방조달청
401,자산,「생명과학부 신규 연구용 실험실 구축」 관련 비품 구입,17981160,2015-07-31,인천지방조달청
402,자산,"송도캠퍼스 신축건물내 학생식당, 휴게공간, 카페테리아 가구 구매 설치",49400000,2015-07-29,(주)다나
403,공사,천장형 냉난방장치 FCU 세척 용역,83902000,2015-07-28,(주)대광에이치엠
404,용역,송도/제물포캠퍼스 물류이전 용역,657000000,2015-07-23,씨제이대한통운(주)
405,용역,학산도서관 출입관리시스템 구매설치,129669780,2015-06-25,(주)다올씨앤씨
406,공사,송도캠퍼스 증축공사(전기-2014년 연부액),0,2015-06-08,유니아이엔씨(주)
407,자산,MicroSoft EES 연간임대,112200000,2015-05-27,(주)비츠코리아
408,자산,경제학과 교육용소프트웨어 구입,2344320,2015-05-19,포커스무역
409,자산,생명과학부 교육용 기자재『Water bath 외 4종』 구입,3795000,2015-05-18,글러브코코리아몰
410,자산,2015년 인천대학교 학산도서관 국내서 단행본 연간단가계약,470000000,2015-04-28,한국코막
411,용역,외국인전임교원 학력.경력 진위여부 및 범죄경력 조회 용역,5522000,2015-04-27,(주)더베스트아이디코리아
412,자산,인천대학교 소식지 제작,96786000,2015-04-23,웨스트코(주)
413,자산,2015년 인천대학교 학산도서관 국외서 단행본 연간단가계약,200000000,2015-04-17,하이컴
414,공사,미추홀캠퍼스 별관 A동 화장실 벽타일 보수공사,5434000,2015-04-15,성덕건설
415,용역,학산도서관 정보자원 통합유지보수,101530000,2015-03-31,하누리정보기술(주)
416,용역,2015년 소방시설물 유지관리 용역,104521010,2015-03-31,(주)현대방재이엔지
417,용역,2015학년도 정보자원 통합유지보수 계약,671000000,2015-03-31,오상자이엘 주식회사
418,용역,송도캠퍼스 청소용역,1023607970,2015-03-31,(주)이니로티에스
419,용역,2015년 인천대학교 생활원(기술사 및 게스트하우스)위탁용역,369331820,2015-03-30,동원건설산업 주식회사
420,자산,2015년도 시설관리용역,377212440,2015-03-28,(주)에코텍
421,용역,제물포캠퍼스 청소용역,86608250,2015-03-26,이앤케이종합관리(주)
422,자산,2015년도 언론출판연합회 간행물 발간,44282000,2015-03-26,진원디자인프린텍
423,공사,송도캠퍼스증축공사 조경분야 관급자재(인조화강석블럭),64227800,2015-03-23,인천지방조달청
424,용역,2015년 인천대학교 AV 시스템 유지관리 용역,29425000,2015-03-20,(주)시트론정보통신
425,용역,2015년 교환기 및 부대장비 유지용역,36058000,2015-03-20,(주)시트론정보통신
426,자산,2015년 학교 경영자 배상책임보험 계약,48724500,2015-03-19,디비손해보험 주식회사
427,자산,(교육지원팀) 교육용 소프트웨어 SPSS연간임대,46090000,2015-03-17,주식회사데이타솔루션
428,용역,2015년 인천대학교 교직원 단체보험,279916930,2015-02-27,(주)케이비손해보험
429,공사,대체녹지 조성공사 계약,326032000,2015-02-27,석남조경주식회사
430,자산,2015학년도 통학버스 및 셔틀버스 용역,84510000,2015-02-27,(주)길벗여행사
431,용역,학산도서관 이용자 서비스 시스템 재구축,70400000,2015-02-27,하누리정보기술(주)
432,용역,학산도서관 이용자 서비스 시스템 재구축,70400000,2015-02-27,하누리정보기술(주)
433,공사,대체녹지 조성공사 계약,326032000,2015-02-27,석남조경주식회사
434,자산,인문대 외 5개소 휴게공간 조성공사,37708730,2015-02-27,동진에이앤티
435,자산,단과대학 휴게실 설치에 따른 물품 구입,6386000,2015-02-24,리바트
436,공사,송도증축공사 전기분야 관급자재(빌딩자동제어:전력조명),129500500,2015-02-22,인천지방조달청
437,공사,송도증축공사 전기분야 관급자재(빌딩자동제어:전력조명),129500500,2015-02-22,인천지방조달청
438,자산,복사기 구입,3981380,2015-02-11,인천지방조달청
439,자산,대학 UI 선포식 개최용역 계약,78456400,2015-02-11,리안커뮤니케이션즈
440,공사,미추홀 별관 B동 4-5층 칸막이 공사,54600540,2015-02-06,(주)대성씨엠
441,공사,인천대학교 UI 변경에 따른 시설물 사인정비,57443230,2015-02-06,인천지방조달청
442,자산,2015업무용(신임교수 등) 전화기 구입,24800000,2015-02-06,(주)시트론정보통신
443,공사,송도 증축공사 통신분야 관급자재( LAN),614715690,2015-02-05,인천지방조달청
444,공사,송도 증축공사 통신분야 관급자재( LAN),614715690,2015-02-05,인천지방조달청
445,공사,송도 증축 기계설비분야 관급자재(휀코일유니트전력선 자동제어),498264060,2015-02-02,인천지방조달청
446,공사,송도 증축 기계설비분야 관급자재(휀코일유니트전력선 자동제어),498264060,2015-02-02,인천지방조달청
447,공사,송도 증축공사 관급자재(교환기)계약,126486230,2015-02-01,인천지방조달청
448,공사,송도 증축공사 관급자재(교환기)계약,126486230,2015-02-01,인천지방조달청
449,공사,송도 증축공사 기계설비공사 관급자재(직교류형 냉각탑),123059250,2015-01-30,인천지방조달청
450,공사,송도 증축공사 기계설비공사 관급자재(직교류형 냉각탑),123059250,2015-01-30,인천지방조달청
451,공사,송도캠퍼스 증축공사 기계설비공사 관급자재(터보냉동기),229436510,2015-01-23,인천지방조달청
452,공사,송도캠퍼스 증축공사 기계설비공사 관급자재(터보냉동기),229436510,2015-01-23,인천지방조달청
453,공사,송도 증축공사 기계설비공사 관급자재(컴팩유닛트 열교환기),256895090,2015-01-21,인천지방조달청
454,공사,송도 증축 기계설비공사 관급자재(EHP),83312340,2015-01-21,인천지방조달청
455,공사,송도캠퍼스 증축공사 기계설비공사 관급자재(팬코일 유닛),319381790,2015-01-21,인천지방조달청
456,공사,송도 증축공사 기계설비공사 관급자재(컴팩유닛트 열교환기),256895090,2015-01-21,인천지방조달청
457,공사,송도 증축 기계설비공사 관급자재(EHP),83312340,2015-01-21,인천지방조달청
458,공사,송도캠퍼스 증축공사 기계설비공사 관급자재(팬코일 유닛),319381790,2015-01-21,인천지방조달청
459,공사,송도증축공사 관급자재(고밀도 압축패널),545864830,2015-01-19,인천지방조달청
460,공사,송도증축공사 관급자재(고밀도 압축패널),580779850,2015-01-19,인천지방조달청
461,공사,"자연과학대학 연구실(물리학과,확학과)안전을 위한 독성가스 설비공사",68789500,2015-01-16,원기산업(주)
462,공사,"자연과학대학 연구실(물리학과,확학과)안전을 위한 독성가스 설비공사",68789500,2015-01-16,원기산업(주)
463,공사,송도증축공사 기계설비공사 관급자재(자동제어),682115560,2014-12-29,인천지방조달청
464,공사,송도증축공사 기계설비공사 관급자재(자동제어),682115560,2014-12-29,인천지방조달청
465,자산,2015년도 해외학술지 구입,82990000,2014-12-18,(주)엠제이에스인터네셔날
466,공사,송도증축기계설비분야관급자재(엘리베이터),207408570,2014-12-17,인천지방조달청
467,공사,송도증축기계설비분야관급자재(엘리베이터),207408570,2014-12-17,인천지방조달청
468,공사,송도증축공사전기분야관급자재(비상발전기),90000650,2014-12-15,인천지방조달청
469,공사,송도증축공사전기분야관급자재(비상발전기),18000130,2014-12-15,인천지방조달청
470,공사,송도캠퍼스 증축공사 관급자재(알루미늄 창호) 조달 구매,205815040,2014-11-04,인천지방조달청
471,공사,송도캠퍼스 증축공사 관급자재(알루미늄 창호) 조달 구매,684316740,2014-11-04,인천지방조달청
472,용역,2014년도 법인회계 회계감사 용역,17600000,2014-10-30,대영회계법인
473,자산,건축공학전공 소프트웨어 (마이다스젠아카데미)구입,5000000,2014-10-30,(주)마이다스아이티
474,용역,2014년도 법인회계 회계감사 용역,17600000,2014-10-30,대영회계법인
475,공사,인천대학교 옥상정원 조성공사,403621000,2014-10-22,(주)이테크인프라
476,자산,디자인학부 기자재 구입,34855000,2014-09-18,(주)맥플러스
477,자산,전기공학과 기자재 구입,41380000,2014-09-15,세림s&c
478,자산,유기질비료구입,17601000,2014-09-01,해천이엔씨(주)
479,자산,체육학부 교육용 기자재 구입,28500000,2014-08-28,(주)모션어널리시스코리아
480,자산,자동차공학전공 기자재 구입,33750000,2014-08-21,지구종합상사
481,공사,송도캠퍼스 증축전기공사 관급자재 분전반 조달구매,249983230,2014-08-20,인천지방조달청
482,공사,송도캠퍼스 증축전기공사 관급자재 분전반 조달구매,249983230,2014-08-20,인천지방조달청
483,공사,송도캠퍼스 증축전기공사 관급자재 MCC 조달구매,156690580,2014-08-19,인천지방조달청
484,공사,송도캠퍼스 증축전기공사 관급자재 MCC 조달구매,156690580,2014-08-19,인천지방조달청
485,자산,인천대학교 소식지 제작,72050000,2014-08-05,웨스트코(주)
486,용역,학생경력개발시스템 구축용역,158000000,2014-08-04,(주)휴노
487,공사,인천대학교 도서관 및 공과대학 조명타워 전기공사,34188770,2014-08-01,서부전력 주식회사
488,공사,소방종합정밀점검에 따른 소방시설 보수공사,25315190,2014-08-01,거산전설주식회사
489,자산,전자공학과 기자재 (고속카메라)구입,18000000,2014-07-31,코미
490,자산,전자책(E-Book),29860000,2014-07-30,(주)엠엘에스에스
491,공사,교수연구실 냉방시설 개선공사,116006820,2014-07-29,대한열관리(주)
492,공사,"생활원(기숙사A동,게스트하우스)도배,바닥재(마루)교체공사",202676300,2014-07-22,효림아이디(주)
493,자산,컴퓨터공학부 기자재(컴퓨터)구입,10995600,2014-07-22,(주)올인원시스템
494,자산,운동건강학부 교육용소프트웨어(비디오비교분석시스템)구입,4520000,2014-07-22,(주)앞썬아이앤씨
495,자산,인천대학교 운동건강학부 Red-core work station 외 2종 구매,47200000,2014-07-22,(주)앞썬아이앤씨
496,자산,생명과학부 기자재(고속원심분리기 외4종) 구매,36740000,2014-07-22,델타바이오
497,공사,송도캠퍼스 증축공사 관급자재 흡수식냉동기 조달구매,276805760,2014-07-17,인천지방조달청
498,공사,송도캠퍼스 증축공사 관급자재 흡수식냉동기 조달구매,53467830,2014-07-17,인천지방조달청
499,공사,송도캠퍼스 증축공사 관급자재(PDF 물탱크) 조달구매,84700000,2014-07-09,인천지방조달청
500,공사,송도캠퍼스 증축공사 관급자재(PDF 물탱크) 조달구매,7695130,2014-07-09,인천지방조달청
501,용역,건축학교육인증시스템 구축용역,49000000,2014-06-25,오상자이엘 주식회사
502,자산,2015학년도 수시모집 요강,25235700,2014-06-24,(주)에스이씨글로벌
503,공사,송도캠퍼스 증축 전기공사 관급자재 수배전반 구매,337922310,2014-06-20,인천지방조달청
504,공사,송도캠퍼스 증축 전기공사 관급자재 수배전반 구매,828229340,2014-06-20,인천지방조달청
505,용역,의사결정지원(BI/BA)시스템 구축사업,470000000,2014-06-18,(주)칸테크
506,용역,MS ESS 연간임대,95550000,2014-05-29,(주)비츠코리아
507,자산,해양학과 다이빙사이언스 실습재료 구입(공기통외 1종),2135000,2014-05-22,해왕잠수
508,자산,2014년도 예비군훈련 관련 도시락 구매 계약,30000000,2014-05-08,행복을나누는도시락
509,자산,도시건축학부 설계실 비품 구입,7530600,2014-04-25,대풍종합가구
510,용역,원어민 화상외국어 위탁교육,83600000,2014-04-22,(주)씨듀
511,자산,예술체육대학 공연예술학과 비품(냉난방기)구입,22490000,2014-04-17,도화야구클럽
512,자산,희망자료(국내.국외)자료 연간 구매,85660000,2014-04-14,북마크
513,용역,송도캠퍼스 증축공사 T.A.B.용역,176480000,2014-04-07,(주)한일엠.이.씨
514,용역,송도캠퍼스 증축공사 T.A.B.용역,176480000,2014-04-07,(주)한일엠.이.씨
515,자산,2014 국내자료 연간 구매 계약,342000000,2014-04-03,한국코막
516,자산,2014 국외자료 연간구매 계약,91200000,2014-04-03,도서출판현대문화사
517,용역,2014년도 정보자원 통합유지보수용역,578600000,2014-03-31,오상자이엘 주식회사
518,용역,학산도서관 종합자원 통합유지보수용역,102300000,2014-03-28,하누리정보기술(주)
519,자산,공동기기원 교육용기자재 외자구매(사고이월비),578682000,2014-03-27,(주)지올코리아
520,자산,헹정용 pc 및 모니터 구입,65099140,2014-03-26,인천지방조달청
521,용역,생활원(기숙사 및 게스트하우스) 위탁용역,406443840,2014-03-26,(주) 굿모닝씨오엠
522,자산,점보롤화장지구입,66360000,2014-03-21,인천장애인생산품판매시설
523,용역,2014년 인천대학교 통합무인경비시스템 용역,410660000,2014-03-04,주식회사 에스원
524,용역,송도캠퍼스 통학버스 및 셔틀버스 임차용역,103081660,2014-03-03,(합)국제관광여행사
525,용역,2014년 인천대학교 교직원 단체보험,204957990,2014-03-01,현대해상화재보험(주)
526,자산,2014 년도 난방용 유류(실내등유)단가계약,50316000,2014-03-01,석암주유소
527,용역,송도캠퍼스 청소용역,998511360,2014-03-01,예주산업(주)
528,용역,미래관 및 E-Biz센터 시설관리용역,86371560,2014-03-01,대호서비스(주)
529,용역,제물포캠퍼스 청소용역,301078800,2014-03-01,계영건설(주)
530,용역,인천대학교 시설관리용역,336834960,2014-03-01,(주)제네스
531,용역,제물포캠퍼스 셔틀버스 임차용역,64153860,2014-03-01,뉴스타관광(주)
532,자산,2014년도 인천대학교 대학신문 및 영자신문 등 연간제작,56300000,2014-02-27,진원디자인프린텍
533,공사,송도캠퍼스 증축공사 지열히트펌프 냉난방시스템 구매(2013 계속비),1387686570,2014-02-26,인천지방조달청
534,공사,송도캠퍼스 증축공사 지열히트펌프 냉난방시스템 구매(2013 계속비),1387686570,2014-02-26,(주)제이앤지
535,공사,송도캠퍼스 증축공사 축열식 지열히트펌프 냉난방시스템 조달구매,1387686570,2014-02-26,인천지방조달청
536,자산,송도캠퍼스 증축공사 콘크리트파일 구매,1321655840,2014-02-21,인천지방조달청
537,공사,송도캠퍼스 증축공사 콘크리트파일 조달구매(2013 계속비),1321655840,2014-02-21,인천지방조달청
538,자산,공동기기원 주사전자현미경 외자구매,543000000,2014-02-20,농협은행(주)정부대전청사지점
539,자산,송도캠퍼스 증축공사 벌크시멘트 구매,79578390,2014-02-18,프라임기초소재(주)
540,자산,송도캠퍼스 증축공사 벌크시멘트 구매,98951820,2014-02-18,프라임기초소재(주)
541,공사,송도캠퍼스 증축공사 일체형거푸집 조달구매(2013 계속비),577687510,2014-02-07,인천지방조달청
542,공사,자연과학대학 실험실 독성가스설비공사,174115540,2014-01-24,(주)엡스엔지니어링
543,공사,송도캠퍼스 증축공사 이형철근 조달구매(2013 계속비),1799906670,2014-01-23,인천지방조달청
544,공사,송도캠퍼스 증축공사 이형철근 조달구매(2013 계속비),24624930,2014-01-23,인천지방조달청
545,공사,송도캠퍼스 증축공사 레미콘 조달구매(2013 연부액),961331150,2014-01-22,인천지방조달청
546,공사,송도캠퍼스 증축공사 레미콘 조달구매(2013 연부액),157038690,2014-01-22,인천지방조달청
547,자산,공공기기원 주사탐침현미경 외자구매,218400000,2014-01-22,한국기계산업진흥회
548,용역,인천대학교 송도캠퍼스 증축공사 전면책임감리 용역,1555980000,2013-12-30,(주)선엔지니어링종합건축사사무소
549,용역,송도캠퍼스 증축공사 전면책임감리용역,1167500000,2013-12-30,(주)선엔지니어링종합건축사사무소
550,용역,송도캠퍼스 증축공사 전면책임감리용역,17230000,2013-12-30,(주)선엔지니어링종합건축사사무소
551,자산,2014년도 해외학술지 구매,206870000,2013-12-26,(주)엠제이에스인터네셔날
552,공사,송도캠퍼스 증축공사(전기-2014년 연부액),2148000000,2013-12-23,(주)한마루전력
553,공사,송도캠퍼스 증축공사(통신-2014년 연부액),1187000000,2013-12-23,(주)엠제이케이
554,공사,송도캠퍼스 증축공사(건축-2014년 연부기금액),15115700000,2013-12-23,(주)반도건설
555,공사,송도캠퍼스 증축공사(전기소방-2014년 연부액),0,2013-12-23,(주)대화
556,공사,송도캠퍼스 증축공사(통신-2014년 연부액),0,2013-12-23,주식회사하드커널
557,공사,송도캠퍼스 증축공사(전기소방-2014년 연부액),223000000,2013-12-23,(주)대화
558,공사,인천대학교 송도캠퍼스 증축공사(선금),2178000000,2013-12-23,주식회사 대아건설
559,공사,송도캠퍼스 증축공사(건축-2014년 연부기금액),3677210000,2013-12-23,(주)반도건설
560,자산,전자공학과 교육용소프트웨어(HFSS) 구입,4400000,2013-12-17,(주)프론티스
561,자산,공공기기원 질량분석기 외자구매,182700000,2013-12-17,한국기계산업진흥회
562,자산,공공기기원 원자방출분광기 외자구매,93900000,2013-12-16,(주)법원송도오피스디포
563,자산,학산도서관 국내도서 구매,64690000,2013-12-13,델마인터네셔날
564,용역,자연과학대학 천직발견 프로그램 위탁용역,12000000,2013-12-05,(주)바른교육
565,자산,대학 UI 및 통합이미지 개발용역,62200000,2013-12-05,(주)시디알어소시에이츠
566,자산,대학 UI 및 통합이미지 개발용역,92000000,2013-12-05,(주)시디알어소시에이츠
567,자산,건축학전공 교육용소프트웨어-마이더스젠 구입,8400000,2013-12-03,(주)마이다스아이티
568,용역,(인재개발과)기업정보서비스 이용 계약,924000,2013-11-06,나이스평가정보주식회사
569,용역,제물포캠퍼스 난방용 유류(실내등유) 구매,54612500,2013-10-24,석암주유소
570,자산,체육교육과 기자재 구입(휘트미터),7000000,2013-10-21,(주)휘트닷라이프
571,용역,2013년도 통합무인경비시스템 용역,97976000,2013-10-16,주식회사 에스원
572,용역,평생교육원 홈페이지 및 학사행정시스템 구축사업,69740000,2013-10-14,(주)메디오피아테크
573,자산,메카트로닉스공학전공 함수발생기 외 3종 구매,57990000,2013-10-14,월드전자통신
574,자산,임베디드시스템공학과 열화상카메라 외 1종 구매,94729220,2013-09-30,(주)태진인포텍
575,자산,공과대학 주변 쉼터조성공사,87287700,2013-09-10,대림조경
576,공사,송도캠퍼스 쓰레기집하장 및 지하창고 증축공사,107024000,2013-09-10,(주)싸이트
577,자산,신규임용교수 비품구입(공연예술학과-구태환),1981110,2013-08-23,인천지방조달청
578,자산,기초교육원 영어Lab실 그린PC 구매,54477000,2013-08-22,(주)다웰시스템
579,용역,2013-2학기 제물포캠퍼스 셔틀버스 임차용역,38605500,2013-08-19,(주)이삼화관광
580,용역,사범대학 미출홀타워별관A동 이전 이사 용역,60553230,2013-08-19,(주)삼성육운
581,용역,송도캠퍼스 증축사업 설계변경용역,206314000,2013-08-16,(주)종합건축사사무소 선기획
582,용역,창업지원단 미추홀타워별관A동 이전 이사 용역,17201990,2013-08-12,(주)케이지비이사박사
583,자산,안전공학과 소프트웨어 구입,6710000,2013-08-05,(주)베이시스소프트
584,공사,미추홀타워별관A동 리모델링공사(건축+기계),698277000,2013-07-29,(주)국일공영
585,공사,미추홀타워별관A동 리모델링 정보통신공사,268612490,2013-07-29,주식회사 티엔아이넷
586,공사,미추홀타워별관A동 리모델링 전기공사,537857000,2013-07-25,원광건설(주)
587,자산,신문방송학과 교육용기자재 구매,57000000,2013-07-24,(주)캐스트원
588,자산,축구부 운동용품 구입,2015000,2013-07-24,사카스포츠
589,자산,테니스용품 구입,2495400,2013-07-24,굿모닝스포츠
590,자산,레슬링부 운동용품 구입,1800000,2013-07-24,영스포츠
591,공사,학군단 칸막이 철거공사,1643000,2013-07-24,중앙건업(폐업)
592,자산,2013년 운동부 하계 공통유니폼 구입,9570000,2013-07-23,사카스포츠
593,자산,홍보기념품 제작,7315000,2013-07-22,선우기획
594,공사,송도캠퍼스 소방종합정밀점검에 따른 소방시설공사,13530000,2013-07-19,(주)경기방재설비
595,공사,소방정밀점검 지적사항 보수공사(제물포),3278000,2013-07-18,진시스템
596,자산,전기 소모자재 구입,6549950,2013-07-17,해천이엔씨(주)
597,자산,예체능대학 공연예술학과 교육용소프트웨어 구입,3630000,2013-07-16,(주)올인원시스템
598,자산,예술체육대학 디자인학부 소프트웨어 구입,4600000,2013-07-16,(주)대영미디어기술
599,용역,한국어학당 문화체험학습 버스 임차 계약,1560000,2013-07-16,(주)이삼화관광
600,자산,홍보 기념품 구매,3520000,2013-07-16,(주)뷰티라인
601,자산,홍보대사실 집기류 구매,1920600,2013-07-15,삼정퍼시스
602,자산,강의실 무선마이크 송수신기 변경부품 구매,58430500,2013-07-15,(주)포브텍
603,자산,유기관전자연구실 전기공사,5016000,2013-07-15,(주)미림에너텍
604,공사,물리학과 연구용 실험실 기계설비 공사,8028000,2013-07-15,(주)선일디엔씨
605,자산,인천UTD 공식후원사 광고대행용역,50000000,2013-07-12,(주)인천유나이티드
606,자산,공공기기원 Surface Profiler 구매,60160000,2013-07-12,한미산업
607,자산,물리학과 항온항습기 구매,23210000,2013-07-12,(주)주원엔지니어링
608,자산,공동기기원 비품 구입(냉난방기),1216530,2013-07-12,인천지방조달청
609,자산,교과과정표 편람,1233000,2013-07-11,예일문화사
610,자산,홍보용기념품,7080000,2013-07-11,(주)제이엔제이글로벌
611,공사,액화질소 저장태크 충전배관 연장 공사,1881000,2013-07-10,이에스가스텍
612,자산,축구부 운동용품 구입,5162000,2013-07-10,(주)대원이노스
613,자산,축구부 운동용품 구입,7705000,2013-07-09,에프디스포츠
614,공사,중앙제어실 모니터링 PC 설치공사,14400000,2013-07-09,지멘스(주)
615,자산,퇴비비료 구입,1950000,2013-07-09,인천원예농업협동조합
616,자산,비도서(취업 및 일자리 관련 DVD) 자료 구입(2012년 3차),7893600,2013-07-08,한국산학경영연구소
617,자산,베드민턴 운동용품 구입,2910000,2013-07-08,(주)빅터아이엔디
618,자산,체육학과 Motion Capture Camera 구매,23210000,2013-07-05,(주)모션어널리시스코리아
619,자산,환경공학전공 악취분석 및 시료채취 시스템 구매,21450000,2013-07-04,(주)탑트레이딩이엔지
620,자산,자료용품구입(RFID Tag),9776250,2013-07-04,(주)바이텍테크놀로지
621,공사,공연장 영상 설비 고장수리,1496000,2013-07-04,유환아이텍 주식회사
622,용역,소식지 제작,57750000,2013-07-03,(주)이안커뮤니케이션
623,자산,기자재 구입,8393000,2013-07-02,(주)이앤인스트루먼트
624,자산,노트북 구입,1206480,2013-07-02,인천지방조달청
625,자산,2014학년도 신입학 전형 버스광고용역(1301번),10335600,2013-07-02,(주)유진애드
626,자산,운동건강학부 공압식근력강화순환운동세트 구매,81000000,2013-07-02,(주)앞썬아이앤씨
627,용역,입학안내 전용 스마트폰 홈페이지 유지관리,2640000,2013-07-01,(주)웨일미디어
628,자산,(사범대학) 교육용기가재 구입,7927550,2013-07-01,인천지방조달청
629,자산,대학탐방 홍보 기념품 구매,2504000,2013-07-01,(주)제이엔제이글로벌
630,자산,입시홍보용 기념품 제작,5500000,2013-07-01,(주)기프트인포
631,자산,대학요람 제작,17850000,2013-06-27,삼양기획
632,용역,2014학년도 신입학 전형 버스광고(M6405),17160000,2013-06-27,선진이앤티(주)
633,용역,2013년 하계 농촌봉사활동 참가 재학생 수송버스 임차,4000000,2013-06-26,(주)이삼화관광
634,공사,수시모집 요강 제작(인쇄),24171000,2013-06-26,은정문화사
635,자산,습식진공청소기 및 카펫청소기 구매,11880000,2013-06-25,닐피스크코리아주식회사
636,용역,하이쉘프(진학책장) 배너 광고용역,23700000,2013-06-25,(주)웨일미디어
637,자산,환경공학전공 휴대용CO2분석기 구매,10450000,2013-06-25,대한켐랩
638,자산,비도서(영화dvd)자료 구입,7108480,2013-06-24,한국산학경영연구소
639,자산,예술체육대학 체육학부 하계해양훈련 차량 임대,3300000,2013-06-21,(주)신공항투어
640,공사,종합상황실 녹화서버 수리,1331000,2013-06-21,(주)올인원시스템
641,자산,유아교육와 교육용기자재구입(캠코더 외),5515600,2013-06-21,인천지방조달청
642,자산,전기시설물 소모자재 LED 구입,4372310,2013-06-21,인천지방조달청
643,자산,자료정리용품 구입,9385000,2013-06-21,대동사
644,용역,원어민 화상영어 위탁교육,79980000,2013-06-21,로제타스톤코리아(유)
645,공사,2014학년도 입학안내 책자 차가 제작,4268000,2013-06-21,성광디자인(주)
646,공사,"사회,법과대 지하창고 행거도어 설치",2431000,2013-06-20,중앙건업(폐업)
647,공사,송도캠퍼스 대학본부 등 5개동 카펫청소,5661050,2013-06-20,(주)에코라이프
648,용역,무상양여재산(토지 및 건물) 소유권 이전 등기대행용역,12811000,2013-06-19,법무사우진사무소
649,자산,도시환경공학전공 입도분석기 구매,24530000,2013-06-19,케이원
650,자산,기념품 구입,1193500,2013-06-19,소담
651,용역,인천대학교 외 1개 대학교 학생기술사 임대형 민자투자사업 타당성 및 적격성 연구용역,15000000,2013-06-19,한국교육개발원
652,자산,에어컨구입설치,3200000,2013-06-18,(주)코리아엔지니어링
653,자산,강의실 av시스템 설비 예비물품 구입,8928590,2013-06-18,(주)올인원시스템
654,자산,연구실 안전용품 구매,17974100,2013-06-18,(주)산유
655,자산,교수학습지원센터 소그룹 학습지원 프로그램 상품권 구매,10420000,2013-06-17,인천대학구내서점
656,공사,신소재공학과371호실 실습기자재 설치를 위한 전기공사,2300000,2013-06-17,(주)동광전기
657,자산,클립보드 구입,1930500,2013-06-17,대동사
658,용역,인천대학교 홍보책자 제작,20240000,2013-06-17,한림인쇄기획
659,공사,(제물포)화단조성공사,9196570,2013-06-17,예송조경 주식회사
660,용역,웹메일시스템 교체사업,49000000,2013-06-14,(주)라임오렌지닷컴
661,자산,실험실습기자재 구입(로봇플랫폼),4750000,2013-06-13,(주)로보티즈
662,자산,(생활원) 2013-1학기 기말고사 간식행사,4500000,2013-06-13,행복을나누는도시락
663,공사,송도캠퍼스 기계로봇공학 신임교수 연구실 기계설비공사,9449000,2013-06-13,(주)성두이엔씨
664,공사,제물포캠퍼스 성지관 흡수식 냉온수기 세관 및 정비,6462500,2013-06-13,주)케이티에스엔
665,자산,AV시스템 빔 프로젝트 램프 구입,9812000,2013-06-13,(주)올인원시스템
666,자산,교육용기자재 구입(디지털카메라 외2),1958510,2013-06-13,인천지방조달청
667,자산,제물포캠퍼스 파고라 및 옥외용벤치 구매,17824960,2013-06-12,인천지방조달청
668,용역,미추홀 별관A동 리모델링 설계용역,55355350,2013-06-12,도일건축사사무소
669,공사,고압가스용기 고정장치 설치공사,4180000,2013-06-11,제일안전
670,자산,자료(전자책)구입,9870000,2013-06-11,(주)교보문고
671,공사,(제물포)성지관 옥상방수 공사,4235000,2013-06-10,칠칠공사(주)
672,자산,교육용소프트웨어구입(Artsoc3.0 Simulator Softwate included USB License Key)외1종,3970000,2013-06-10,(주)하나로티알
673,자산,캠퍼스 관리를 위한 휴대용 무전기 구입,4589000,2013-06-10,(주)시트론정보통신
674,자산,대운동장 인조잔디 유지관리 작업,1250000,2013-06-07,플러스알파
675,용역,(송도)조형예술학과 교내 미술작품 운송관련,3000000,2013-06-07,선두산업
676,공사,송도캠퍼스 교내 미술작품 설치에 따른 액자제작,5000000,2013-06-07,신모랑
677,자산,실험실습기자재 구입,3685000,2013-06-07,(주)올인원시스템
678,자산,교육용기자재 구입(노트북컴퓨터),2420000,2013-06-07,(주)올인원시스템
679,자산,교육용기자재구입(노트북컴퓨터),1206480,2013-06-05,인천지방조달청
680,자산,보육시설종사자 보수교육 교재 제작,4756000,2013-06-05,동양인쇄사
681,자산,도시건축학부 개인용컴퓨터 외 1종 구매,17041530,2013-06-04,인천지방조달청
682,자산,학생회 게시판 제작설치,18266400,2013-06-04,(주)한마
683,공사,공동실험실습관 칸막이 공사,4900000,2013-06-03,중앙건업(폐업)
684,자산,학사업무 전산서식 구입,1386000,2013-06-03,아진전산
685,용역,기증도서 MARC DB 구축용역,17594980,2013-05-31,한국지식정보
686,자산,교학행정팀 복사기구입,5580000,2013-05-31,새한디지털OA
687,용역,연구실 안전정보시스템 유지보수 및 안전교육 콘텐츠 임대사용,9900000,2013-05-31,아이엠지 테크 주식회사
688,자산,2013년도 MS CA 구매,100098900,2013-05-31,(주)비츠코리아
689,자산,메카트로닉스공학전공 MATLAB 구매,13750000,2013-05-31,매스웍스코리아 유한회사
690,자산,도시건설공학전공 실험실습기자재 구매,40980000,2013-05-30,(주)동화사텍
691,용역,서버가상화시스템 구축사업,138710000,2013-05-30,(주)베이넥스
692,자산,액정모니터 구입,5318560,2013-05-30,인천지방조달청
693,자산,2013년도 백신 S/W 구매,14465000,2013-05-30,(주)오렌지테크
694,자산,실습비(서보모터 외),1473780,2013-05-29,우수넷
695,용역,홈페이지 전면개편사업,490000000,2013-05-29,케이투웹테크(주)
696,자산,대학 홍보용 기념품 구매(포도주),2000000,2013-05-28,(주)인천바이오
697,자산,소프트웨어구입(미니텝리뉴얼),2970000,2013-05-28,(주)이레테크
698,자산,냉각수 수처리제 약품 및 탈취필터 구입,9402000,2013-05-28,인일케미칼
699,용역,정보전산원 서버실 항온항습기 수리,2000000,2013-05-28,에이알
700,자산,한컴 CLA 구매,37884000,2013-05-27,(주)엠씨알에스
701,자산,자동차공학전공 엔진성능실험 수냉각배관장치 구매,16600000,2013-05-27,(주)한국산업기기
702,자산,대학홍보를 위한 지역사회 관련 책자 구입,2300000,2013-05-27,도서출판 다인아트
703,자산,교지 도화문화 제 49집 발간,6468000,2013-05-27,한국가스안전공사 인천지역본부
704,용역,패션산업학과 졸업작품 패션쇼에 따른 무대장치 계약,5000000,2013-05-24,FA COMMUNICATION
705,자산,교육용기자재 구입(노트북컴퓨터 외),5084290,2013-05-24,인천지방조달청
706,자산,해양학과 다이빙사이언스 실습 교육장비 임차,3419000,2013-05-24,팀 스쿠버
707,용역,리더십캠프 운영 계약,9200000,2013-05-24,메가넥스트주식회사
708,용역,기자재수리(유체종합실험장치 외),1650000,2013-05-24,주식회사대원엔지니어링
709,자산,체육학부 KwonGRF 소프트웨어 구매,14000000,2013-05-23,(주)비솔
710,자산,(주)트윈텍아이엔씨,9000000,2013-05-23,(주)트윈텍아이엔씨
711,자산,컴퓨터공학부 (제물포) 재료 구입,2841960,2013-05-23,(주)올인원시스템
712,자산,오일스테인(유성착색제)구입,5600000,2013-05-22,해천이엔씨(주)
713,자산,보건소진료소 약품구입,3960000,2013-05-22,(주)동진팜
714,자산,임베디드시스템공학과 실습재료(센서외 1종),2166000,2013-05-22,이지테크
715,자산,(사회과학대학)정치외교학과 석좌교수 연구실 사무용집기 구입,1984320,2013-05-21,인천지방조달청
716,자산,전기공학과 교육용기자재 구매,78496000,2013-05-21,(주)트윈텍아이엔씨
717,자산,동북아경제통상대학 신규 초빙교원 비품구입,1984320,2013-05-21,인천지방조달청
718,용역,공간 및 시설관리시스템(VFMS) 유지관리용역,15560000,2013-05-21,아키시스템즈(주)
719,용역,외국어 동영상강좌 위탁교육,15435000,2013-05-21,(주)파고다에스씨에스
720,공사,송도캠퍼스 지하주차장 안내표지판 정비 및 어린이집 전기공사,7072560,2013-05-21,(주)제이에이치에너지
721,자산,물리학과 실험재료 구매,18200000,2013-05-20,(주)와이케이사이언스
722,자산,소방종합정밀점검용역,37552130,2013-05-20,(주)중앙소방이앤지
723,용역,쓰레기집하장 및 지하창고 증축 설계용역,10750760,2013-05-20,세화건축사사무소
724,공사,기사대기실 및 입학관리과 칸막이 설치공사,7280000,2013-05-16,중앙건업(폐업)
725,자산,실험실습재료구입(스킨장비세트),1771000,2013-05-16,해왕잠수
726,자산,디자인학부 교육용기자재 구매,96910000,2013-05-16,(주)대영미디어기술
727,용역,2013학년 대학축제기간 심야기간 귀가학생 수송버스 임차,1760000,2013-05-15,(주)이삼화관광
728,공사,화장실 절수기기 교체설치공사,38147000,2013-05-15,정우이엔씨(주)
729,공사,"저수조, 냉각탑 청소 및 수질검사용역",12587300,2013-05-15,태희건설(주)
730,공사,대학축제에 따른 급수 설비 및 씽크대 설치공사(5개소),4686000,2013-05-14,삼우기공
731,자산,실험실습 기자재 구입(위성영상해석시스템),8242000,2013-05-14,(주)지구소프트
732,자산,생명공학전공 액체크로마토그래피 외자구매,75512800,2013-05-13,써모피셔사이언티픽코리아 주식회사
733,공사,학생회관 2층 및 4층 방음공사,5335000,2013-05-13,(주)한마
734,자산,생활원 체육대회 기념타올 구입,1750000,2013-05-10,인천대문구기념품
735,자산,국제교류원 영문 브로슈어 추가제작,1390000,2013-05-10,디자인창
736,공사,인천대 동문등 출입문 5개소 도장공사,2304500,2013-05-09,칠칠공사(주)
737,자산,교수학습지원팀 문화상품권 구매,21820000,2013-05-08,인천대학구내서점
738,공사,AV 관리용 선반제작설치,1952000,2013-05-08,중앙건업(폐업)
739,자산,공연예술학과 실험실습기자재 구매,35200000,2013-05-08,(주)대영미디어기술
740,공사,옥상방수공사,1845910,2013-05-07,칠칠공사(주)
741,자산,공자학원 방문에 따른 기념품 구입(수건),1992600,2013-05-07,지앤피코리아
742,자산,실험실습재료 구입(Z-Bond90 외 2),3960000,2013-05-07,(주)한국아카이브
743,자산,배드민턴부 운동용품 구입,9312000,2013-05-07,(주)빅터아이엔디
744,자산,조형예술학부 기자재구매,64130000,2013-05-07,(주)대영미디어기술
745,용역,2014학년도 모집요강 배송용역,15000000,2013-05-07,(주)웨일미디어
746,자산,비품구입(천막외),1071600,2013-05-06,(주)법원송도오피스디포
747,자산,공자학원 방문기념품 구입(향수),2939200,2013-05-06,선우기획
748,자산,실습재료구입(S.S.D 외 2종),1154230,2013-05-06,(주)올인원시스템
749,자산,입시 홍보용 기념품 제작,8470000,2013-05-06,엑스컴 어소시에이트
750,자산,수학과 컴퓨터 외 2종 구매,19364000,2013-05-06,인천지방조달청
751,자산,전기공학과 교육용기자재 구매,54300000,2013-05-02,월드전자통신
752,자산,인천대학교 창업지원단 맥북 구매,26554000,2013-05-02,(주)올인원시스템
753,용역,미래관 및 e-biz센터 전기설비 유지관리,7410000,2013-05-01,(주)효성기술단
754,용역,2013년 미래관 E-BIZ 센터 소방관리 유지보수,6600000,2013-05-01,진시스템
755,용역,미래관 e-biz센터 방역(소독)저수조 청소 용역,4422240,2013-05-01,(주)에코라이프
756,용역,2013년 미래관 및 E-BIZ센터 승강기 유지보수관리 용역,5082000,2013-05-01,티케이엘리베이터코리아(주)인천
757,용역,(도시건축학부) 공동구조실험실 장비 유지보수,4998000,2013-05-01,(주)에이스원테크
758,용역,2013년도 인천대미래관 GHP 유지보수관리 용역,9680000,2013-05-01,(주)두우종합기술
759,용역,미래관 및 e-biz센터 통신설비유지보수,6300000,2013-05-01,(주)시트론정보통신
760,용역,공학교육인증지원시스템 서버 유지보수,6540000,2013-05-01,오상자이엘 주식회사
761,자산,패션산업학과 투습도시험기세트 구매,14900000,2013-04-30,서린테크
762,용역,인천학연구원 웹사이트 유지보수 계약,1650000,2013-04-30,(주)펜타코드
763,자산,인천대학교 내 설치된 정수기 절전규제용 타이머스위치 구입,8584950,2013-04-30,(주)동광전기
764,용역,(제물포캠퍼스)증명서 자동발급기 유지보수,4400000,2013-04-30,(주)아이디씨텍
765,용역,2013년도 정보화자격증 사이버컨텐츠 사용계약,4900000,2013-04-30,(주)MBC아카데미
766,자산,전자공학과 실험실습기자재 (시뮬레이션컴퓨터)구입,3199020,2013-04-30,(주)올인원시스템
767,자산,평생교육원 학점은행제 강의물품(연지탄외2)구입,1705000,2013-04-30,(주)일흥지.에스
768,자산,인천한국어학당 스캐너구입,713830,2013-04-30,인천지방조달청
769,자산,도서관 3층자료열람실 CCTV용 DVR 교체구입,1600500,2013-04-30,지브이에스(주)
770,자산,대학발전기금 기부자 기념품(골프공세트외)구입,4850000,2013-04-29,기프트수림
771,자산,검도부 운동용품 구입,3675000,2013-04-29,테라닉스(주)
772,자산,녹지대 유지관리 농약구매,12050500,2013-04-29,인천산림조합
773,용역,외국어교육센터 홈페이지 유지보수 계약,1000000,2013-04-29,(주)카이노스
774,자산,도시건설공학전공 가상기준점측량시스템 구매,25600000,2013-04-29,(주)지오시스템
775,자산,교육용소프트웨어 구입,2000000,2013-04-26,(주)코세코
776,자산,교육용소프트웨어 구입,2200000,2013-04-26,디지테크정보(주)
777,자산,창업지원단 노트북 구매,11662640,2013-04-26,인천지방조달청
778,자산,양궁부(화살 외) 운동용품 구입,3880000,2013-04-26,에스제이스포츠
779,자산,교육용기자재(인터렉티브화이트보드) 구입,5120500,2013-04-25,(주)대영미디어기술
780,자산,홍보용 쇼핑백 제작,3478000,2013-04-25,중앙프린텍
781,용역,제물포 캠퍼스(불용품) 내 일반폐기물 처리 용역,6600000,2013-04-25,인성코퍼레이션(주)
782,자산,소프트웨어구입,4490000,2013-04-25,렉스하이테크(주)
783,자산,도시건설공학전공 전자평판측량시스템 구매,11400000,2013-04-24,(주)코세코
784,공사,공과대학 주변 쉼터조성공사 설계용역,5951000,2013-04-24,주식회사정방엔지니어링
785,자산,대학홍보기념품 구매(자개메모함),1705000,2013-04-23,국민종합상사
786,자산,예비군연대 도시락 구매,27500000,2013-04-23,행복을나누는도시락
787,자산,입학안내 책자 제작,28140000,2013-04-23,성광디자인(주)
788,자산,우수기업 전문교수 위촉패 제작의뢰,1666000,2013-04-23,가나기획
789,자산,학산도서관 희망도서 연간구매,74200000,2013-04-22,하늘빛문고
790,용역,송도캠퍼스 냉동기(터보식)기계 세관공사 계약,13090000,2013-04-22,엘지전자(주)
791,공사,송도캠퍼스 신·재생에너지 지열설비 전기공사,67766600,2013-04-22,주식회사 선호이엔티
792,자산,"학산도서관 국내,외자료 연간 구매",382200000,2013-04-22,(주)다산서고
793,공사,송도캠퍼스 흡수식냉동기 세관공사,30940000,2013-04-22,오텍캐리어(주)
794,자산,대학홍보기념품 구매(카드 및 일반USB),2728000,2013-04-22,(주)올인원시스템
795,공사,에너지 화학공학과 실험실습실 통합 확장 기계설비공사,33664700,2013-04-22,(주)명성기업
796,자산,재정예산팀 사무용 비품(스캐너)구입,382650,2013-04-18,붙임(나라장터) 고지서
797,용역,(제물포) 2013년 승각기 유지보수 관리 용역,6314000,2013-04-18,한신엘리베이터(주)
798,공사,송도캠퍼스 신재생에너지 지열설비 전기공사 감리용역,7251600,2013-04-18,(주)현이엔지
799,자산,행정 및 실험실습실 PC 구매,174286090,2013-04-18,인천지방조달청
800,공사,제물포캠퍼스 예체능관 공연예술과 실습실(501호) 보수공사,10307000,2013-04-16,(주)태양건업
801,용역,기숙사 기계실내 CCTV 시스템 설치,7840000,2013-04-16,(주)시트론정보통신
802,자산,공과대학 교육용소프트웨어 구입(전자공학과),2750000,2013-04-16,(주)나래소프트
803,용역,소비자아동학과 교육용기가재 구입 (스마트패드 및 모바일프린터),25600000,2013-04-15,(주)대영미디어기술
804,용역,송도캠퍼스 승강기 유지보수 관리용역,33374000,2013-04-15,한국미쓰비시엘리베이터(주)
805,자산,2013 대학기록물 제작,28600000,2013-04-15,(주)부라보스튜디오
806,용역,대학종합정보시스템 유지보수용역,171465000,2013-04-15,오기주
807,용역,조직개편에 따른 부처별 안내싸인 정비,4175600,2013-04-15,가나기획
808,자산,[예술체육대학] 강의준비실 비품 구입,1386470,2013-04-15,나라장터
809,용역,평생교육원 버스 임차 계약,1200000,2013-04-15,(주)삼화여행사
810,용역,직원 독서통신 위탁교육,16800000,2013-04-12,(주)영진닷컴
811,자산,생활원 2013년 1학기 중간고사 간식행사에 따른 간식 구매 의뢰,4560000,2013-04-12,KFC코리아
812,공사,송도캠퍼스 지하주차장 등 방수공사 계약,5153610,2013-04-12,칠칠공사(주)
813,자산,교육용 소프트웨어 구입의뢰,1780000,2013-04-11,한국과학기술원
814,자산,(역량개발팀)진로계획서 추가 제작 계약,3050000,2013-04-11,아진전산
815,자산,예술체육대학 운동건강학부 재료비 구입,2600000,2013-04-11,피에프서비스
816,자산,교육용 수프트웨어 구입의뢰 (전자공학과),7303010,2013-04-11,매스웍스코리아 유한회사
817,자산,인공토양 구입,3657500,2013-04-11,동아건상
818,자산,대학 탐방 홍보 기념품 구매,3978000,2013-04-11,인천대학교소비자생활협동조합
819,용역,측정장비 XPS 관련 부품 수리비용 지출 의뢰,4070000,2013-04-11,우신크라이오백 주식회사
820,용역,전자세금계산서 시스템연동 유지보수용역,4400000,2013-04-11,(주)비즈니스온커뮤니케이션
821,공사,신소재공학과 장비추가에 따른 유틸리티배관 공사 시행,4257000,2013-04-11,(주)태양건업
822,자산,사격부 유니폼 구입,1692100,2013-04-10,(주)현도
823,용역,학산도서관 정보자원 통합유지보수용역,92355200,2013-04-10,하누리정보기술(주)
824,자산,축구부 유니폼 구입,8494000,2013-04-10,(주)대원이노스
825,용역,정보자원 통합유지보수용역,442660000,2013-04-09,오상자이엘 주식회사
826,자산,건설환경공학전공 유속 및 유사량측정기 구매,15200000,2013-04-09,(주)이앤인스트루먼트
827,자산,전자공학과 SEMCAD가속기 구매,11550000,2013-04-09,(주)담스테크
828,자산,공기조화설비 여과필터 제작구입,10516000,2013-04-09,그린테크
829,자산,대학 홍보용기념품 구매(포도주),6000000,2013-04-08,(주)인천바이오
830,자산,"(학생생활상담소)취업용 인성, 적성검사 실시에 따른 검사지 구입",5000000,2013-04-08,(주)아이앤드디코리아
831,자산,2013학년 학교현장실습 및 보육실습에 따른기념품 구입(사범대학),3432000,2013-04-08,(주)올인원시스템
832,자산,평생교육원 전자교탁 구입,4464000,2013-04-08,(주)올인원시스템
833,자산,(체육진흥원)사격부 운동용품 구입,3540000,2013-04-08,프리모션
834,자산,측정장비 400MHz FT-NMR 관련 소모품 구입 의뢰,3267000,2013-04-08,한국애질런트테크놀로지스(주)
835,자산,(체육진흥원)태권도부 운동용품 구입,1214400,2013-04-08,인천스포츠
836,자산,산업경영공학과 서버 구매,22220000,2013-04-08,가온에스아이(주)
837,자산,해양학과 교육용 기자재 구입(탁상용원심분리기 외 2종),18940000,2013-04-05,영인프런티어(주)
838,자산,평생교육원 기자재 구입 설치 의뢰,18875370,2013-04-05,나라장터
839,공사,강화캠퍼스 간판 등 설치공사,2205000,2013-04-05,가나기획
840,자산,평생교육원 체육학과 수업에 따른 물품 구입,1364000,2013-04-05,종료의료기
841,용역,정보기술대학 정보통신공학과 실험실습 기자재(컴퓨터20대) 구입,20108000,2013-04-05,정보기술대학
842,자산,제물포캠퍼스 도서관 열람실 책걸상 구매,33941600,2013-04-05,주식회사 비즈니스보루네오
843,용역,"전화기(일반전화기,인터넷전화기)구입",16368000,2013-04-05,(주)시트론정보통신
844,자산,취업경력개발원 사무용 비품 구입 의뢰,4101530,2013-04-05,기획예산과
845,자산,정보기술대학 제물포캠퍼스 컴퓨터공학부 실습재료(SSD외 1종) 구입,3383820,2013-04-04,(주)올인원시스템
846,용역,임베디드시스템공학과 오실로스코프 외 2종 구매,42900000,2013-04-03,(주)에이티엠아이앤씨
847,용역,정보기술대학 컴퓨터공학부 실험실습기자재 3건 구입(모바일 보안평가 장비) 구입,48510000,2013-04-03,(주)올인원시스템
848,자산,송도 및 제물포캠퍼스 청소용품(거품비누외 31종)구입,11499000,2013-04-03,대동사
849,자산,(도시과학대학)건설환경공학전공 기자재 구입,6380000,2013-04-02,(주)우주측기
850,용역,도서관 CCTV시스템 유지보수 계약의뢰,2420000,2013-04-02,지브이에스(주)
851,자산,(도시과학대학)도시건축학부 학생회실 비품 구입,1683990,2013-04-02,붙임(나라장터) 고지서
852,자산,정보기술대학 정보통신공학과 실험실습 기자재(태블릿컴퓨터) 구입,38839240,2013-04-02,(주)올인원시스템
853,공사,인천대 동문 차도정비 등 3개소 정비공사 시행,8910000,2013-04-01,동서에너지주식회사
854,공사,에너지화학공학과 실험실습실 전기공사(2차),8537000,2013-04-01,(주)제이에이치에너지
855,자산,생활원 환경개선 계획에 따른 구매 의뢰,8707370,2013-04-01,인천지방조달청
856,용역,증명서자동발급기 유지보수 계약 체결,7260000,2013-03-29,(주)아이디씨텍
857,공사,기초교육원 영어 Lab실 pc 및 네트워크 유지보수,9075000,2013-03-29,(주)시트론정보통신
858,자산,(도시과학대학)도시건축학부 기자재 구입,4774000,2013-03-28,디지털솔루션
859,자산,(체육진흥원)탁구부 운동용품 구입,4845200,2013-03-28,(주)신남무역
860,자산,(체육진흥원)펜싱부 운동용품 및 유니폼 구입,9650000,2013-03-28,프리모상사
861,용역,대학정보센터 서울관 참여 계약 의뢰,16500000,2013-03-28,(주)대학사랑
862,용역,대학 경쟁력 강화 프로그램 계약요청,9680000,2013-03-28,(주)한국대학신문사
863,자산,식물자원에 대한 연구실습용 약제묘목 식재공사 시행,4263000,2013-03-28,인천산림조합
864,자산,(체육진흥원)배드민턴부 운동용품 구입,5276800,2013-03-28,제이디아이
865,자산,[시설과] 사무용 비품 구입,5854200,2013-03-28,세이갤러리
866,자산,(도시과학대학)도시건축학부 교육용소프트웨어 구입,6100000,2013-03-28,(주)솔루젠
867,자산,2013년도 사회과학대학 문헌정보학과 기자재 구입,2391840,2013-03-28,인천지방조달청
868,자산,(도시과학대학)도시건축학부 기자재 구입,7407260,2013-03-28,인천지방조달청
869,자산,2013년도 사회과학대학 행정학과 기자재 구입,11164950,2013-03-28,인천지방조달청
870,자산,(체육진흥원)배드민턴부 운동용품(유니폼) 구입,2736000,2013-03-28,(주)빅터아이엔디
871,자산,(도시과학대학)도시건축학부 기자재 구입,3960000,2013-03-28,(주)대영미디어기술
872,용역,제물포캠퍼스 청소용역,356274930,2013-03-27,(주)티에스산업
873,자산,[제물포캠퍼스] 스마트폰 충전기 구입,2722500,2013-03-27,남미기획
874,용역,2013 뉴스스크랩서비스 아이서퍼 시행,9001000,2013-03-27,(주)비플라이소프트
875,공사,신소재공학과 실험용 장비 추가 설치에 따른 전기공사 시행,3190000,2013-03-27,(주)동광전기
876,자산,(체육진흥원)테니스부 운동용품(유니폼) 구입,1358000,2013-03-27,지아스포츠
877,용역,생명과학전공 실험실습기자재 초저온냉동고외 1종구입,15961000,2013-03-27,인천대학교
878,용역,방역소독용역,12091980,2013-03-27,(주)신진환경
879,공사,구립해둥실 어린이집 초음파 열량계 설치공사 계약,3000000,2013-03-26,나은ENG
880,자산,사무용집기 구입,1753400,2013-03-26,(주)네오스페이스
881,자산,해외전자정보 Reaxys DataBASE 구독,16700000,2013-03-26,(주)바이텍켐스
882,자산,자동증명발급기 프린터 소모품 구입,1490720,2013-03-26,(주)아이디씨텍
883,용역,제물포캠퍼스 정화조 청소시행,3695000,2013-03-26,장안실업(주)
884,자산,해양학과 교육용 기자재 구입(휴대용실체현미경),22397100,2013-03-26,(주)그린월드바이오
885,자산,건설환경공학전공 기자재 구입,18600000,2013-03-26,와텍스
886,자산,건설환경공학전공 지지력 시험장치 구매,16080000,2013-03-26,(주)신화테스팅
887,용역,교환기 및 부대장비 유지보수용역,49299910,2013-03-26,(주)시트론정보통신
888,자산,2014학년도 입학설명회 PPT 제작 의뢰,2508000,2013-03-26,(주)디엔피유
889,자산,(도시과학대학)건설환경공학전공 기자재 구입,4730000,2013-03-26,(주)신화테스팅
890,용역,제물포캠퍼스 시설관리용역,51803620,2013-03-26,(주)제일비엠에스
891,용역,소방시설물 유지관리용역,32679460,2013-03-26,(주)경기방재설비
892,용역,AV시스템 유지관리용역,27920970,2013-03-26,(주)시트론정보통신
893,자산,학생용 사물한 구입의뢰,7220000,2013-03-25,대풍종합가구
894,자산,점보롤화장지 구입 단가계약 시행,65908800,2013-03-25,인천장애인생산품판매시설
895,용역,송도캠퍼스 청소용역,783267980,2013-03-25,케이디엘엔지니어링(주)
896,자산,"(도시과학대학)도시환경,도시건축 사물함 구입",6983640,2013-03-25,인천지방조달청
897,자산,교육용기자재 구입 (기례로봇공학전공),7700000,2013-03-25,SMT
898,자산,(도시과학대학)건설환경공학전공 지자재 구입 의뢰,9790000,2013-03-25,씨앤브이
899,자산,교육둉 소프트웨어 구입의뢰 (전자공학과),1880010,2013-03-25,한국애질런트테크놀로지스(주)
900,자산,(체육진흥원)축구부 운동용품 구입,7760000,2013-03-25,제이디아이
901,자산,교육용기자재 구입의뢰 / 기계로봇공학전공,29500000,2013-03-22,한국브라스트(주)
902,용역,(체육진흥원)2013년도 운동경기부 선수 단체상해보험 계약,10406820,2013-03-22,디비손해보험 주식회사
903,자산,정보기술대학 정보통신공학과 교육용 소프트웨어(MathType 외 11종) 구입,4800000,2013-03-22,시그마소프트
904,자산,교육용 소프트웨어 구입 (산업경영공학과),3226000,2013-03-22,인트로드
905,자산,2013학년도 학교현장실습 기념품 구입의뢰,3000000,2013-03-22,(주)올인원시스템
906,용역,송도캠퍼스 시설관리용역,195347460,2013-03-22,(주)제일비엠에스
907,공사,감사실 사무실 칸막이 설치공사,2013000,2013-03-22,중앙건업(폐업)
908,공사,생명과학기술대학(5호관) 실험실 기계설비공사 공사시행,8680000,2013-03-22,(주)라마이엔지
909,자산,학생지원팀 사무용 가구 구입 의뢰,1315410,2013-03-21,인천지방조달청
910,자산,대학발전기부자 축하물품 기념품 계약,5040000,2013-03-20,(주)박찬회화과자
911,공사,전력 및 조명제어 서버 개선(안)에 따른 프로그램 개선 및 보호장치 설치 계약의뢰,9488600,2013-03-20,중앙제어(주)
912,자산,(체육진흥원)테니스부 운동용품 구입,7855000,2013-03-20,지아스포츠
913,자산,해양학과 학생용 사물함 구입,1214800,2013-03-20,인천지방조달청
914,자산,인천대학교 송도캠퍼스 전기 소모자재 구입,9978760,2013-03-20,(주)동광전기
915,용역,인천대학교 평생교육원 책임보험 가입,2266600,2013-03-20,삼성화재해상보험(주)
916,자산,사회대 1층로비 학생휴게실 비품구입,1192280,2013-03-20,인천지방조달청
917,공사,전기자동차 보수 시행,1425600,2013-03-20,지이에스
918,자산,[대회협력팀] 사무용 비품 구입,5704000,2013-03-20,(주)네오스페이스
919,자산,RFID리더기 운영 프로그램 구입,3740000,2013-03-20,(주)에이스바텍
920,자산,정보기술대학 임베디드시스템공학과 교육용 소프트웨어(MATLAB) 구입요청,4730000,2013-03-19,매스웍스코리아 유한회사
921,용역,세척폐수처리용역,13231350,2013-03-19,주식회사 그린스코
922,자산,총학생회 사무기기 구입 의뢰,3084950,2013-03-19,(주)올인원시스템
923,공사,"인조잔디 축구장 의자(Bench),보수공사 계약의뢰",1757000,2013-03-19,중앙건업(폐업)
924,자산,국내전자정보 도서요약서비스 구독 의뢰,8500000,2013-03-19,(주)다몬미디어
925,자산,2014학년도 입학안내 책자 디자인 기획 발주,5540000,2013-03-19,가우스미디어
926,용역,사업장생활계폐기물 폐합성수지 폐기물처리용역,16632000,2013-03-19,주식회사 그린스코
927,자산,브리태니커 온라인 사전(영어판) 구독 의뢰,1231500,2013-03-19,한국브리태니커회사
928,공사,기간제근로자 작업대기실 개선공사,1708000,2013-03-19,중앙건업(폐업)
929,자산,보건진료소 약품 구입 의뢰,4742800,2013-03-18,다온
930,공사,"본부동, 교수회관 사무실 공간조정에 따른 기계설비공사",5247000,2013-03-18,주식회사퍼스트산업개
931,용역,(총무과)법인차량 종합보험 가입 계약 의뢰,3668420,2013-03-15,(주)신화보험-LIG손해보험(주)
932,자산,교육용기자재 구입 / 기계로봇공학전공,8100000,2013-03-15,(주)트윈텍아이엔씨
933,자산,[연구기획팀] 비품구입 의뢰,5854000,2013-03-15,(주)네오스페이스
934,자산,(재정예산팀)사무용 가구 구입,3349280,2013-03-15,(주)네오스페이스
935,자산,교육용기자재 구입 / 산업경영공학과,8980000,2013-03-15,시드테크
936,자산,[연구기획팀] 연구산학처장실 비품 구입의뢰,4830000,2013-03-15,(주)네오스페이스
937,자산,교육용기자재 구입/메카트로닉스,2200000,2013-03-15,월드전자통신
938,자산,2013학년도 신입생 대학생활안내책자 제작 의뢰,9975000,2013-03-14,아진전산
939,용역,(인재개발과)2013년 공무원 국가고시 및 자격증 동영상강좌 컨텐츠 계약,15000000,2013-03-14,붙임참조
940,자산,2013학년도 신입생 기념품 제작 의뢰,10620000,2013-03-14,대동사
941,자산,[총무과] 사무처장실 및 총무팀 사무용 가구 조달구입 의뢰,2109550,2013-03-13,붙임(나라장터) 고지서
942,용역,2012년 생활관 및 게스트하우스 회계결산,2000000,2013-03-13,한울회계법인
943,용역,평생교육원 버스 임차 계약,3000000,2013-03-13,(주)삼화여행사
944,용역,2013년도 원액폐기물 위탁처리 단가계약 시행,5005000,2013-03-13,인성코퍼레이션(주)
945,용역,(총무과)버스 임차계약 의뢰,1650000,2013-03-13,(주)이삼화관광
946,공사,2013년 조직개편에 따른 정보통신공사,6070000,2013-03-13,(주)시트론정보통신
947,자산,정보기술대학 컴퓨터공학부 실험실습기자재(영상미디어 시뮬레이션재생시스템-조달) 구입,5962020,2013-03-13,인천지방조달청
948,용역,직무적성검사 대행용역,19175000,2013-03-11,(주)에듀스
949,자산,(학생생활상담소)2013학년도 신입생 적성검사에 따른 검사지 구입,9450000,2013-03-08,(주)가이던스
950,자산,[발전기획과] 학생미래전략기획단 에세이 제작(추가),3885000,2013-03-08,중앙프린텍
951,공사,교수회관 칸막이 해체 및 대학본부 칸막이 설치에 따른 전기공사 시행,8690000,2013-03-08,(주)동광전기
952,자산,대학 홍보용 기념품 구매(화장품),3520000,2013-03-07,(주)뷰티라인
953,자산,(제물포캠퍼스) 체육용품 구입,1900000,2013-03-07,덕일스포츠
954,자산,생명과학기술대학 학생회 사물함 구입,4321800,2013-03-06,리바트
955,자산,(공과대학)신입생 대학생활안내행사 기념품 구입의뢰,6768000,2013-03-06,국제광고기획
956,자산,(공과대학)신입생 대학생활안내행사 책자 및 수첩인쇄의뢰,4080000,2013-03-06,국제광고기획
957,자산,나노바이오전공 실험실습기자재 구입,3922600,2013-03-06,인천코람바이오텍
958,자산,2013학년도 1학기 수강신청 편람 제작,8870400,2013-03-05,예일문화사
959,자산,[사범대학]강의실 책상 및 의자 구입,4822840,2013-03-05,(주)류시-은
960,자산,2012년 대학평가 결과보고서 제작,7120000,2013-03-05,한림인쇄기획
961,자산,2013학년도 입학식 및 비전선포식에 따른 축하 오찬연 뷔페 계약 의뢰,4800000,2013-03-05,샹차이(인천대점)(폐업)
962,자산,2013학년도 입학식 및 비전 선포식 안내장 등 제작 의뢰,4018000,2013-03-05,(주)엡스엔지니어링
963,공사,생활관 CCTV 이전 및 신규 설치공사,3667400,2013-03-05,지브이에스(주)
964,용역,2013년 액체질소 연간단가계약,9890000,2013-03-05,이화산소(주)
965,자산,(인재개발과)동문재직 기업체 창립기념일 축하난 발송 화원 계약,9435000,2013-03-05,미추홀분재원
966,용역,정보기술대학 제물포캠퍼스 컴퓨터공학부 IBM 주전산기 유지보수 계약,4500000,2013-03-04,(주)아남정보기술
967,용역,2013년도 중앙공급 압축공기 유지관리 연간단가 계약,5940000,2013-03-04,경원산업기계
968,용역,2013년도 중앙정수처리 유지관리 연간단가계약,9960000,2013-03-04,인일케미칼
969,용역,2013년도 중계펌프장 및 정화조 유지관리 연가단가 계약,9480000,2013-03-04,브니엘네이처주식회사
970,용역,인천대학교 소방시설물 유지관리 용역 계약 의뢰(3월),2692800,2013-03-04,(주)녹산시스템
971,용역,(인재개발과)취업전산망 정보이용 및 유지보수 계약,3600000,2013-03-04,(주)엘리트코리아
972,용역,사업장 생활계 재활용폐기물 운반 및 선별처리 용역,6600000,2013-03-04,(주)현대자원
973,용역,2013 공학교육인증지원시스템(프로그램) 유지보수 용역,9840000,2013-03-04,에이치티엠한테크미디어(주)
974,용역,2013년도 냉온정수기 유지관리 연간단가계약,10179000,2013-03-04,월드닉스
975,용역,2013년도 지정(감염성)폐기물 위탁처리 단가계약,4250000,2013-03-04,인천의료공사
976,용역,제물포캠퍼스 셔틀버스 임차용역,33726000,2013-02-28,(주)이삼화관광
977,공사,제물포캠퍼스 강의실 햇빛가리개(롤스크린)설치공사,4108000,2013-02-28,SD 기획공사
978,용역,통합무인경비시스템 경비용역,243300000,2013-02-28,(주)에이디티캡스 남인천지사
979,용역,물품화재 및 도난보험,3653100,2013-02-28,메리츠화재해상보험(주)
980,공사,평생교육원 홈페이지 및 학사관리 프로그램 유지보수,4025000,2013-02-28,정유니브
981,용역,(공과대학)전자공학과 오실로스코프외 1종,83552000,2013-02-28,(주)케이넌코리아
982,자산,대학신문 및 영자신문 제작,44753000,2013-02-28,진원디자인프린텍
983,용역,통학버스 및 셔틀버스 임차용역,111713360,2013-02-28,(주)아름관광여행사
984,용역,(총무과)2013년 인천대학교 교직원 단체보험 입찰의뢰,240396800,2013-02-28,LIG손해보험(주)외1
985,용역,(예술체육대학)체육학부 실험실습기자재,57722000,2013-02-27,(주)라이프텍
986,자산,대학홍보용기념품 구매(포도주),2000000,2013-02-27,(주)인천바이오
987,자산,법과대학 법학연구소 논문집 [인천법학논총] 제15집 제작,2250000,2013-02-27,(주)법원송도오피스디포
988,용역,(예술체육대학)체육학부 척추구조분석기외 3종,115600000,2013-02-27,(주)앞썬아이앤씨
989,용역,나노바이오전공 TG-DAT외 1종 구매,77450000,2013-02-27,하이팩
990,자산,학생미래전략기획단 자료(에세이집) 제작,4700000,2013-02-27,중앙프린텍
991,공사,제물포캠퍼스 대운동장 출입문(정문)보수 및 설치공사,4587000,2013-02-27,(주)동채
992,자산,생활관 홍보용 부직포 가방 구매,1890000,2013-02-26,가나기획
993,자산,연구보고서(중장기 비전수립보고서) 제작,8934000,2013-02-26,중앙프린텍
994,용역,생활관 2012학년도 동계방학 특별개관 침구류세탁 에 따른 계약의뢰,5000000,2013-02-26,미추클린센터
995,자산,2013년 생활관 오리엔테이션 진행,8898000,2013-02-26,대동사
996,용역,생활관 호실용 의자 좌방석 시트 교체,9728400,2013-02-26,세이갤러리
997,자산,2013학년도 국립 인천대학교 입학식 및 비전선포식 현수막 등 제작 의뢰,1692000,2013-02-25,우미사
998,자산,2012년도 중앙일보 대학평가 종합분석보고서 제작,1760000,2013-02-25,페이지스
999,자산,(제캠)2013학년도 특례편입생 대학생활안내책자 제작,2940600,2013-02-25,아진전산
1000,자산,제2회 전체교수회의 자료 유인,2094000,2013-02-25,페이지스
1001,자산,자료(전자책) 구입 의뢰,6512000,2013-02-25,(주)교보문고
1002,공사,공동실험실습실내 UTM실험기기 설치를 위한 바닥 보수공사 계약,2200000,2013-02-22,창주건설(주)
1003,공사,생명과학기술대학 연구용실험실 공사계약의뢰,2522000,2013-02-22,(주)태양건업
1004,공사,인천대학교 AV시스템 이전설치 공사,4030000,2013-02-22,(주)시트론정보통신
1005,자산,(도시과학대학)도시환경연구센터 소모품 구매 계약,4544000,2013-02-22,대한켐랩
1006,자산,사범대학 학생자치단체 비품 구입 의뢰,3492000,2013-02-22,대동사
1007,용역,(총무과)인천대학교 해둥실어린이집 교구 구매,32780000,2013-02-21,그리마
1008,용역,2013년도 국내정기간행물 구입의뢰,17561800,2013-02-21,인천교육사
1009,용역,2013학년도 1학기 생활관 개관청소 실시에 따른 계약의뢰,9200000,2013-02-21,(주)에코라이프
1010,공사,(공과대학)에너지화학공학과 실험실습실 통합 확장에 따른 전기공사,990000,2013-02-21,(주)광성이엔지
1011,용역,2012년도 법인회계 회계감사용역,19470000,2013-02-21,한울회계법인
1012,자산,2013-1학기 신소재공학과 신임교수 비품구입,2000000,2013-02-21,비엔씨
1013,자산,학생지원과 사무기기 구입 의뢰,5441700,2013-02-20,(주)올인원시스템
1014,자산,제물포캠퍼스 대운동장내 축구골대 설치에 대한 계약,3360000,2013-02-20,덕일스포츠
1015,자산,(총무과)인천대학교 해둥실 어린이집 잡화 구매,2496770,2013-02-20,대동사
1016,자산,대학 홍보용 기념품 구매(포도주),4000000,2013-02-20,(주)인천바이오
1017,자산,송도 및 제물포캠퍼스 청소용품(거품비누케이스외 13종)구입,3080500,2013-02-20,대동사
1018,자산,자료(전자책) 구입 의뢰,5680000,2013-02-20,(주)아람미디어
1019,자산,정년퇴임교수 기념품 제작 의뢰,5988000,2013-02-19,흥덕사
1020,자산,2013-1학기 기계로봇공학전공 신임교수 비품구입,1938000,2013-02-19,비엔씨
1021,용역,해양학과 실험실 기계설비공사,19056400,2013-02-19,인천대학교
1022,용역,(총무과)인천대학교 해둥실어린이집 비품 구매,17979000,2013-02-19,(주)신아퍼니처
1023,용역,제물포캠퍼스 승강기 리모델링공사,69443650,2013-02-19,한신엘리베이터(주)
1024,용역,송도캠퍼스 신재생에너지 지열설비공사,342841000,2013-02-19,(주)우진이엔씨
1025,공사,송도캠퍼스 스포츠센터 기계설비 개보수 공사,9105800,2013-02-19,(주)기성플랜트
1026,용역,해외전자정보 EBSCOhost Primier Package 구독계약 의뢰,29364000,2013-02-18,엡스코 코리아(주)
1027,용역,국내전자정보 교보문고스콜라 구독 계약 의뢰,8200000,2013-02-18,(주)교보문고
1028,용역,국내전자정보 로앤비(LawnB) 구독 계약 의뢰,9400000,2013-02-18,(주)로앤비
1029,용역,총학주관 2013 신입생오리엔테이션 버스 임차 의뢰,1800000,2013-02-18,(주)길벗여행사
1030,자산,기초과학연구소 논문집(제24집) 제작(발간),1973000,2013-02-15,동양인쇄사
1031,자산,물품관리를 위한 RFID 리더기 구입,7800000,2013-02-15,(주)에이스바텍
1032,자산,2012학년도 전기 학위 수여식 안내장 등 제작 의뢰,1896000,2013-02-14,페이지스
1033,용역,국내전자정보 삼일회계법인 WEB DB 구독계약 의뢰,4438000,2013-02-14,삼일인포마인주식회사
1034,공사,각종 출입문 도어스톱 및 풀로어 클로저 설치공사,10929820,2013-02-14,(주)시에스코리아 에스앤에스
1035,자산,(기초교육원) 신임 초빙교원실 비품 구입,17471160,2013-02-14,나라장터
1036,자산,유지관리에 필요한 자동제어 전동밸브(2WAY)소모품 구입,3960000,2013-02-13,주식회사퍼스트산업개
1037,자산,2013-1학기 수학교육과 신임교수 연구실 비품구입,1929400,2013-02-12,위디시스템퍼니처
1038,자산,2013-1학기 생명공학부 신임교수 연구실 비품구입,3977690,2013-02-12,나라장터
1039,자산,비도서(영화DVD) 구입 의뢰,9989760,2013-02-12,한국산학경영연구소
1040,자산,인천학연구원 인천학연구 18호 발간의뢰,5192000,2013-02-12,예일문화사
1041,자산,(총무과)인천대학교 해둥실어린이집 주방용품 구입,7650000,2013-02-12,광명그릇주방설비
1042,자산,2013-1학기 생명과학부 신임교수 연구실 비품 구입,1936280,2013-02-12,나라장터
1043,자산,2013-1학기 국어교육과 신임교수 연구실 비품구입,1989730,2013-02-12,나라장터
1044,공사,에너지화학공학 실험실습실 통합 및 확장공사,7196000,2013-02-12,(주)SD건설
1045,공사,정보정산원 서버실 항온항습기 수리,5764000,2013-02-08,에이알
1046,자산,2013년 1학기 신임교수 임용에 따른 전화 설치,6150000,2013-02-08,(주)시트론정보통신
1047,자산,공기조화설비 여과필터 제작 구입,4337850,2013-02-08,그린테크
1048,자산,(생명과학기술대학)실험실 중앙실험대 구입의뢰,5280000,2013-02-08,미래사이언스
1049,자산,2013-1학기 해양학과 신임교수 연구실 비품 구입,1928640,2013-02-08,나라장터
1050,공사,해양학과 실험실 구축에 따른 건축공사,5519000,2013-02-07,중앙건업(폐업)
1051,용역,국내전자정보 KISS 구독 계약 의뢰,29664000,2013-02-07,한국학술정보 (주)
1052,용역,국내전자정보 KSDC DB 구독 계약 의뢰,2750000,2013-02-07,사단법인 한국사회과학데이터센
1053,용역,국내전자정보 DBPIA 구독 계약 의뢰,27943900,2013-02-07,(주) 누리미디어
1054,자산,자료(국내서) 구입 의뢰,8222820,2013-02-07,청암서점
1055,자산,공과대학 전자공학과 실험실습재료 구입의뢰,2100000,2013-02-07,한국과학기술원
1056,자산,점보롤 화장지 구입,6368000,2013-02-07,인천장애인생산품판매시설
1057,공사,해양학과 실험실 구축에 따른 전기공사,6369000,2013-02-06,(주)동광전기
1058,자산,인쇄물제작 계약 의뢰(2012인천대학교를 빛낸 얼굴들),8640000,2013-02-06,가우스미디어
1059,용역,해외전자정보 스칼라스에이드 구독계약 의뢰,8240000,2013-02-06,(주)스칼라스
1060,자산,2013-1학기 물리학과 신임 교수실 비품 구입,1991660,2013-02-06,나라장터
1061,자산,기획예산과 제7호 2012년 통계연보 제작,1986000,2013-02-06,삼양기획
1062,자산,전력 및 조명제어 서버 개선(안)에 따른 서버 구매,9539200,2013-02-05,(주)올인원시스템
1063,자산,액정모니터 구입,2543660,2013-02-05,나라장터
1064,자산,2013-1학기 조형예술학부 신임교수 연구실 비품 구입,1993570,2013-02-05,나라장터
1065,자산,2012학년도 전기 우수졸업생 표창 부상품 구입,5761750,2013-02-05,(주)한마
1066,용역,2013-1학기 등록금 납부안내문 제작의뢰,198890,2013-02-04,아진전산
1067,자산,2013년 새내기 자료집 '처음처럼' 제18집 제작 의뢰,2830000,2013-02-04,한국가스안전공사 인천지역본부
1068,자산,학생자치단체 비품 구입(생명과학기술대핚),4251760,2013-02-04,나라장터
1069,용역,법인설립 등기료 지출,5968000,2013-02-01,다름법무사합동사무소
1070,자산,사회복지학과 신임교수(이영수)연구실 사무용집기 구입,1936380,2013-02-01,나라장터
1071,용역,2013년도 2월 미래관 및 e-biz센터 경비 용역 계약 의뢰,3693440,2013-01-31,새롬환경(주)
1072,자산,학생복지센터 비품 구입,3720000,2013-01-30,(주)대영미디어기술
1073,자산,인천시민대학 제물포캠퍼스 2013-1학생모집 현수막제작,2552000,2013-01-24,가나기획
1074,자산,2013학년도 1학기 학생모집 홍보 리플렛 제작,9060000,2013-01-24,한림인쇄기획
1075,용역,(총무과)버스 임차계약 의뢰,3060000,2013-01-23,(주)이삼화관광
1076,용역,(총무과)2013년 인천대학교 교직원 단체보험 입찰의뢰,50891350,2013-01-18,한국교직원공제회
1077,용역,인천대학교 차세대 ui종합정보시스템 1단계 구축 감리용역,82500000,2012-11-27,(주)케이씨에이
1078,자산,차세대 ui 종합정보시스템 1단계 구축사업,857520000,2012-08-10,(주)엔디에스
1079,공사,제물포캠퍼스 예체능대체육관 마루바닥 보수공사,10421500,2012-02-15,(주)동채
